id	word	token	category	table_name	column_name	alias	dotted_name	function_call	pseudocolumn	notes
kw_001	ACCESS	2000	reserved	reject	reject	skip	reject	skip	skip	lexer keyword classified by local Oracle parser policy
kw_002	ADD	2001	reserved	reject	reject	skip	reject	skip	skip	lexer keyword classified by local Oracle parser policy
kw_003	AFTER	2002	nonreserved	allow	allow	skip	allow	skip	skip	lexer keyword classified by local Oracle parser policy
kw_004	ALL	2003	reserved	reject	reject	skip	reject	skip	skip	lexer keyword classified by local Oracle parser policy
kw_005	ALTER	2004	reserved	reject	reject	skip	reject	skip	skip	lexer keyword classified by local Oracle parser policy
kw_006	ALWAYS	2005	context	allow	allow	skip	allow	skip	skip	lexer keyword classified by local Oracle parser policy
kw_007	ANALYZE	2006	nonreserved	allow	allow	skip	allow	skip	skip	lexer keyword classified by local Oracle parser policy
kw_008	AND	2007	reserved	reject	reject	skip	reject	skip	skip	lexer keyword classified by local Oracle parser policy
kw_009	ANY	2008	reserved	reject	reject	skip	reject	skip	skip	lexer keyword classified by local Oracle parser policy
kw_010	AS	2009	reserved	reject	reject	skip	reject	skip	skip	lexer keyword classified by local Oracle parser policy
kw_011	ASC	2010	reserved	reject	reject	skip	reject	skip	skip	lexer keyword classified by local Oracle parser policy
kw_012	ASSOCIATE	2319	nonreserved	allow	allow	skip	allow	skip	skip	lexer keyword classified by local Oracle parser policy
kw_013	AUDIT	2011	reserved	reject	reject	skip	reject	skip	skip	lexer keyword classified by local Oracle parser policy
kw_014	AUTOMATIC	2277	context	allow	allow	skip	allow	skip	skip	lexer keyword classified by local Oracle parser policy
kw_015	BEFORE	2012	nonreserved	allow	allow	skip	allow	skip	skip	lexer keyword classified by local Oracle parser policy
kw_016	BEGIN	2013	nonreserved	allow	allow	skip	allow	skip	skip	lexer keyword classified by local Oracle parser policy
kw_017	BETWEEN	2014	reserved	reject	reject	skip	reject	skip	skip	lexer keyword classified by local Oracle parser policy
kw_018	BITMAP	2015	nonreserved	allow	allow	skip	allow	skip	skip	lexer keyword classified by local Oracle parser policy
kw_019	BLOB	2016	type	allow	allow	skip	allow	skip	skip	lexer keyword classified by local Oracle parser policy
kw_020	BLOCK	2275	context	allow	allow	skip	allow	skip	skip	lexer keyword classified by local Oracle parser policy
kw_021	BODY	2017	nonreserved	allow	allow	skip	allow	skip	skip	lexer keyword classified by local Oracle parser policy
kw_022	BULK	2018	nonreserved	allow	allow	skip	allow	skip	skip	lexer keyword classified by local Oracle parser policy
kw_023	BY	2019	reserved	reject	reject	skip	reject	skip	skip	lexer keyword classified by local Oracle parser policy
kw_024	CACHE	2020	nonreserved	allow	allow	skip	allow	skip	skip	lexer keyword classified by local Oracle parser policy
kw_025	CALL	2317	nonreserved	allow	allow	skip	allow	skip	skip	lexer keyword classified by local Oracle parser policy
kw_026	CASCADE	2021	nonreserved	allow	allow	skip	allow	skip	skip	lexer keyword classified by local Oracle parser policy
kw_027	CASE	2022	nonreserved	allow	allow	skip	allow	skip	skip	lexer keyword classified by local Oracle parser policy
kw_028	CAST	2023	function	allow	allow	skip	allow	allow	skip	lexer keyword classified by local Oracle parser policy
kw_029	CHAR	2024	type	reject	reject	skip	reject	skip	skip	lexer keyword classified by local Oracle parser policy
kw_030	CHECK	2025	reserved	reject	reject	skip	reject	skip	skip	lexer keyword classified by local Oracle parser policy
kw_031	CLOB	2026	type	allow	allow	skip	allow	skip	skip	lexer keyword classified by local Oracle parser policy
kw_032	CLOSE	2027	nonreserved	allow	allow	skip	allow	skip	skip	lexer keyword classified by local Oracle parser policy
kw_033	CLUSTER	2028	reserved	reject	reject	skip	reject	skip	skip	lexer keyword classified by local Oracle parser policy
kw_034	COLLECT	2029	function	allow	allow	skip	allow	allow	skip	lexer keyword classified by local Oracle parser policy
kw_035	COLUMN	2030	reserved	reject	reject	skip	reject	skip	skip	lexer keyword classified by local Oracle parser policy
kw_036	COLUMNS	2299	context	allow	allow	skip	allow	skip	skip	lexer keyword classified by local Oracle parser policy
kw_037	COMMENT	2031	reserved	reject	reject	skip	reject	skip	skip	lexer keyword classified by local Oracle parser policy
kw_038	COMMIT	2032	nonreserved	allow	allow	skip	allow	skip	skip	lexer keyword classified by local Oracle parser policy
kw_039	COMPOUND	2033	nonreserved	allow	allow	skip	allow	skip	skip	lexer keyword classified by local Oracle parser policy
kw_040	COMPRESS	2034	reserved	reject	reject	skip	reject	skip	skip	lexer keyword classified by local Oracle parser policy
kw_041	CONNECT	2035	clause-starter	reject	reject	skip	reject	skip	skip	lexer keyword classified by local Oracle parser policy
kw_042	CONNECT_BY_ROOT	2036	nonreserved	allow	allow	skip	allow	skip	skip	lexer keyword classified by local Oracle parser policy
kw_043	CONSTANT	2037	nonreserved	allow	allow	skip	allow	skip	skip	lexer keyword classified by local Oracle parser policy
kw_044	CONSTRAINT	2038	nonreserved	allow	allow	skip	allow	skip	skip	lexer keyword classified by local Oracle parser policy
kw_045	CONSTRAINTS	2039	nonreserved	allow	allow	skip	allow	skip	skip	lexer keyword classified by local Oracle parser policy
kw_046	CONTENT	2309	context	allow	allow	skip	reject	skip	skip	lexer keyword classified by local Oracle parser policy
kw_047	CONTEXT	2325	nonreserved	allow	allow	skip	allow	skip	skip	lexer keyword classified by local Oracle parser policy
kw_048	CONTINUE	2040	nonreserved	allow	allow	skip	allow	skip	skip	lexer keyword classified by local Oracle parser policy
kw_049	CREATE	2041	reserved	reject	reject	skip	reject	skip	skip	lexer keyword classified by local Oracle parser policy
kw_050	CROSS	2042	nonreserved	allow	allow	skip	allow	skip	skip	lexer keyword classified by local Oracle parser policy
kw_051	CUBE	2295	context	allow	allow	skip	allow	skip	skip	lexer keyword classified by local Oracle parser policy
kw_052	CURRENT	2043	reserved	reject	reject	skip	reject	skip	skip	lexer keyword classified by local Oracle parser policy
kw_053	CURSOR	2044	nonreserved	allow	allow	skip	allow	skip	skip	lexer keyword classified by local Oracle parser policy
kw_054	CYCLE	2045	nonreserved	allow	allow	skip	allow	skip	skip	lexer keyword classified by local Oracle parser policy
kw_055	DATABASE	2046	nonreserved	allow	allow	skip	allow	skip	skip	lexer keyword classified by local Oracle parser policy
kw_056	DATE	2047	type	reject	reject	skip	reject	skip	skip	lexer keyword classified by local Oracle parser policy
kw_057	DECIMAL	2048	type	reject	reject	skip	reject	skip	skip	lexer keyword classified by local Oracle parser policy
kw_058	DECLARE	2049	nonreserved	allow	allow	skip	allow	skip	skip	lexer keyword classified by local Oracle parser policy
kw_059	DECODE	2050	function	allow	allow	skip	allow	allow	skip	lexer keyword classified by local Oracle parser policy
kw_060	DECREMENT	2278	context	allow	allow	skip	allow	skip	skip	lexer keyword classified by local Oracle parser policy
kw_061	DEFAULT	2051	reserved	reject	reject	skip	reject	skip	skip	lexer keyword classified by local Oracle parser policy
kw_062	DEFERRABLE	2052	nonreserved	allow	allow	skip	allow	skip	skip	lexer keyword classified by local Oracle parser policy
kw_063	DEFERRED	2053	nonreserved	allow	allow	skip	allow	skip	skip	lexer keyword classified by local Oracle parser policy
kw_064	DELETE	2054	reserved	reject	reject	skip	reject	skip	skip	lexer keyword classified by local Oracle parser policy
kw_065	DENSE_RANK	2055	function	allow	allow	skip	allow	allow	skip	lexer keyword classified by local Oracle parser policy
kw_066	DESC	2056	reserved	reject	reject	skip	reject	skip	skip	lexer keyword classified by local Oracle parser policy
kw_067	DETERMINISTIC	2057	nonreserved	allow	allow	skip	allow	skip	skip	lexer keyword classified by local Oracle parser policy
kw_068	DIMENSION	2279	context	allow	allow	skip	allow	skip	skip	lexer keyword classified by local Oracle parser policy
kw_069	DIRECTORY	2326	nonreserved	allow	allow	skip	allow	skip	skip	lexer keyword classified by local Oracle parser policy
kw_070	DISABLE	2058	nonreserved	allow	allow	skip	allow	skip	skip	lexer keyword classified by local Oracle parser policy
kw_071	DISASSOCIATE	2320	nonreserved	allow	allow	skip	allow	skip	skip	lexer keyword classified by local Oracle parser policy
kw_072	DISTINCT	2059	reserved	reject	reject	skip	reject	skip	skip	lexer keyword classified by local Oracle parser policy
kw_073	DROP	2060	reserved	reject	reject	skip	reject	skip	skip	lexer keyword classified by local Oracle parser policy
kw_074	EACH	2061	nonreserved	allow	allow	skip	allow	skip	skip	lexer keyword classified by local Oracle parser policy
kw_075	ELSE	2062	reserved	reject	reject	skip	reject	skip	skip	lexer keyword classified by local Oracle parser policy
kw_076	ELSIF	2063	nonreserved	allow	allow	skip	allow	skip	skip	lexer keyword classified by local Oracle parser policy
kw_077	ENABLE	2064	nonreserved	allow	allow	skip	allow	skip	skip	lexer keyword classified by local Oracle parser policy
kw_078	END	2065	nonreserved	allow	allow	skip	allow	skip	skip	lexer keyword classified by local Oracle parser policy
kw_079	ERRORS	2066	nonreserved	allow	allow	skip	allow	skip	skip	lexer keyword classified by local Oracle parser policy
kw_080	ESCAPE	2067	nonreserved	allow	allow	skip	allow	skip	skip	lexer keyword classified by local Oracle parser policy
kw_081	EXCEPT	2307	nonreserved	allow	allow	skip	allow	skip	skip	lexer keyword classified by local Oracle parser policy
kw_082	EXCEPTION	2068	nonreserved	allow	allow	skip	allow	skip	skip	lexer keyword classified by local Oracle parser policy
kw_083	EXCLUSIVE	2069	reserved	reject	reject	skip	reject	skip	skip	lexer keyword classified by local Oracle parser policy
kw_084	EXECUTE	2070	nonreserved	allow	allow	skip	allow	skip	skip	lexer keyword classified by local Oracle parser policy
kw_085	EXISTS	2071	reserved	reject	reject	skip	reject	skip	skip	lexer keyword classified by local Oracle parser policy
kw_086	EXIT	2072	nonreserved	allow	allow	skip	allow	skip	skip	lexer keyword classified by local Oracle parser policy
kw_087	EXPLAIN	2073	nonreserved	allow	allow	skip	allow	skip	skip	lexer keyword classified by local Oracle parser policy
kw_088	FETCH	2074	clause-starter	allow	allow	skip	allow	skip	skip	lexer keyword classified by local Oracle parser policy
kw_089	FILE	2075	reserved	reject	reject	skip	reject	skip	skip	lexer keyword classified by local Oracle parser policy
kw_090	FIRST	2076	nonreserved	allow	allow	skip	allow	skip	skip	lexer keyword classified by local Oracle parser policy
kw_091	FLASHBACK	2077	nonreserved	allow	allow	skip	allow	skip	skip	lexer keyword classified by local Oracle parser policy
kw_092	FLOAT	2078	type	reject	reject	skip	reject	skip	skip	lexer keyword classified by local Oracle parser policy
kw_093	FOLLOWING	2290	context	allow	allow	skip	allow	skip	skip	lexer keyword classified by local Oracle parser policy
kw_094	FOR	2079	reserved	reject	reject	skip	reject	skip	skip	lexer keyword classified by local Oracle parser policy
kw_095	FORALL	2080	nonreserved	allow	allow	skip	allow	skip	skip	lexer keyword classified by local Oracle parser policy
kw_096	FORCE	2081	nonreserved	allow	allow	skip	allow	skip	skip	lexer keyword classified by local Oracle parser policy
kw_097	FOREIGN	2082	nonreserved	allow	reject	skip	allow	skip	skip	lexer keyword classified by local Oracle parser policy
kw_098	FORMAT	2331	context	allow	allow	skip	allow	skip	skip	lexer keyword classified by local Oracle parser policy
kw_099	FROM	2083	clause-starter	reject	reject	skip	reject	skip	skip	lexer keyword classified by local Oracle parser policy
kw_100	FULL	2084	nonreserved	allow	allow	skip	allow	skip	skip	lexer keyword classified by local Oracle parser policy
kw_101	FUNCTION	2085	nonreserved	allow	allow	skip	allow	skip	skip	lexer keyword classified by local Oracle parser policy
kw_102	GENERATED	2086	context	allow	allow	skip	allow	skip	skip	lexer keyword classified by local Oracle parser policy
kw_103	GLOBAL	2087	nonreserved	allow	allow	skip	allow	skip	skip	lexer keyword classified by local Oracle parser policy
kw_104	GOTO	2088	nonreserved	allow	allow	skip	allow	skip	skip	lexer keyword classified by local Oracle parser policy
kw_105	GRANT	2089	reserved	reject	reject	skip	reject	skip	skip	lexer keyword classified by local Oracle parser policy
kw_106	GROUP	2090	clause-starter	reject	reject	skip	reject	skip	skip	lexer keyword classified by local Oracle parser policy
kw_107	GROUPING	2296	context	allow	allow	skip	allow	skip	skip	lexer keyword classified by local Oracle parser policy
kw_108	GROUPS	2291	context	allow	allow	skip	allow	skip	skip	lexer keyword classified by local Oracle parser policy
kw_109	HASH	2091	nonreserved	allow	allow	skip	allow	skip	skip	lexer keyword classified by local Oracle parser policy
kw_110	HAVING	2092	clause-starter	reject	reject	skip	reject	skip	skip	lexer keyword classified by local Oracle parser policy
kw_111	IDENTIFIED	2093	reserved	reject	reject	skip	reject	skip	skip	lexer keyword classified by local Oracle parser policy
kw_112	IDENTITY	2094	context	allow	allow	skip	allow	skip	skip	lexer keyword classified by local Oracle parser policy
kw_113	IF	2095	nonreserved	allow	allow	skip	allow	skip	skip	lexer keyword classified by local Oracle parser policy
kw_114	IMMEDIATE	2096	reserved	reject	reject	skip	reject	skip	skip	lexer keyword classified by local Oracle parser policy
kw_115	IN	2097	reserved	reject	reject	skip	reject	skip	skip	lexer keyword classified by local Oracle parser policy
kw_116	INCLUDE	2098	nonreserved	allow	allow	skip	allow	skip	skip	lexer keyword classified by local Oracle parser policy
kw_117	INCREMENT	2099	reserved	reject	reject	skip	reject	skip	skip	lexer keyword classified by local Oracle parser policy
kw_118	INDEX	2100	reserved	reject	reject	skip	reject	skip	skip	lexer keyword classified by local Oracle parser policy
kw_119	INITIAL	2101	reserved	reject	reject	skip	reject	skip	skip	lexer keyword classified by local Oracle parser policy
kw_120	INITIALLY	2102	nonreserved	allow	allow	skip	allow	skip	skip	lexer keyword classified by local Oracle parser policy
kw_121	INNER	2103	nonreserved	allow	allow	skip	allow	skip	skip	lexer keyword classified by local Oracle parser policy
kw_122	INSERT	2104	reserved	reject	reject	skip	reject	skip	skip	lexer keyword classified by local Oracle parser policy
kw_123	INSTEAD	2105	nonreserved	allow	allow	skip	allow	skip	skip	lexer keyword classified by local Oracle parser policy
kw_124	INTEGER	2106	type	reject	reject	skip	reject	skip	skip	lexer keyword classified by local Oracle parser policy
kw_125	INTERSECT	2107	clause-starter	reject	reject	skip	reject	skip	skip	lexer keyword classified by local Oracle parser policy
kw_126	INTERVAL	2108	type	allow	allow	skip	allow	skip	skip	lexer keyword classified by local Oracle parser policy
kw_127	INTO	2109	reserved	reject	reject	skip	reject	skip	skip	lexer keyword classified by local Oracle parser policy
kw_128	INVISIBLE	2110	nonreserved	allow	allow	skip	allow	skip	skip	lexer keyword classified by local Oracle parser policy
kw_129	IS	2111	reserved	reject	reject	skip	reject	skip	skip	lexer keyword classified by local Oracle parser policy
kw_130	ISOLATION	2112	nonreserved	allow	allow	skip	allow	skip	skip	lexer keyword classified by local Oracle parser policy
kw_131	ITERATE	2280	nonreserved	allow	allow	skip	allow	skip	skip	lexer keyword classified by local Oracle parser policy
kw_132	JAVA	2327	nonreserved	allow	allow	skip	allow	skip	skip	lexer keyword classified by local Oracle parser policy
kw_133	JOIN	2113	clause-starter	allow	allow	skip	reject	skip	skip	lexer keyword classified by local Oracle parser policy
kw_134	JSON	2332	context	allow	allow	skip	allow	skip	skip	lexer keyword classified by local Oracle parser policy
kw_135	JSON_ARRAY	2333	function	allow	allow	skip	allow	allow	skip	lexer keyword classified by local Oracle parser policy
kw_136	JSON_EXISTS	2334	function	allow	allow	skip	allow	allow	skip	lexer keyword classified by local Oracle parser policy
kw_137	JSON_MERGEPATCH	2335	function	allow	allow	skip	allow	allow	skip	lexer keyword classified by local Oracle parser policy
kw_138	JSON_OBJECT	2336	function	allow	allow	skip	allow	allow	skip	lexer keyword classified by local Oracle parser policy
kw_139	JSON_QUERY	2337	function	allow	allow	skip	allow	allow	skip	lexer keyword classified by local Oracle parser policy
kw_140	JSON_TABLE	2300	context	allow	allow	skip	allow	skip	skip	lexer keyword classified by local Oracle parser policy
kw_141	JSON_VALUE	2338	function	allow	allow	skip	allow	allow	skip	lexer keyword classified by local Oracle parser policy
kw_142	KEEP	2114	nonreserved	allow	allow	skip	allow	skip	skip	lexer keyword classified by local Oracle parser policy
kw_143	KEY	2115	nonreserved	allow	allow	skip	allow	skip	skip	lexer keyword classified by local Oracle parser policy
kw_144	LAST	2116	nonreserved	allow	allow	skip	allow	skip	skip	lexer keyword classified by local Oracle parser policy
kw_145	LATERAL	2301	context	allow	allow	skip	allow	skip	skip	lexer keyword classified by local Oracle parser policy
kw_146	LEFT	2117	nonreserved	allow	allow	skip	allow	skip	skip	lexer keyword classified by local Oracle parser policy
kw_147	LEVEL	2118	pseudo-column	reject	reject	skip	reject	skip	allow	lexer keyword classified by local Oracle parser policy
kw_148	LIBRARY	2328	nonreserved	allow	allow	skip	allow	skip	skip	lexer keyword classified by local Oracle parser policy
kw_149	LIKE	2119	reserved	reject	reject	skip	reject	skip	skip	lexer keyword classified by local Oracle parser policy
kw_150	LIKE2	2120	nonreserved	allow	allow	skip	allow	skip	skip	lexer keyword classified by local Oracle parser policy
kw_151	LIKE4	2121	nonreserved	allow	allow	skip	allow	skip	skip	lexer keyword classified by local Oracle parser policy
kw_152	LIKEC	2122	nonreserved	allow	allow	skip	allow	skip	skip	lexer keyword classified by local Oracle parser policy
kw_153	LIMIT	2123	nonreserved	allow	allow	skip	allow	skip	skip	lexer keyword classified by local Oracle parser policy
kw_154	LINK	2124	nonreserved	allow	allow	skip	allow	skip	skip	lexer keyword classified by local Oracle parser policy
kw_155	LIST	2125	nonreserved	allow	allow	skip	allow	skip	skip	lexer keyword classified by local Oracle parser policy
kw_156	LOCAL	2126	nonreserved	allow	allow	skip	allow	skip	skip	lexer keyword classified by local Oracle parser policy
kw_157	LOCK	2127	reserved	reject	reject	skip	reject	skip	skip	lexer keyword classified by local Oracle parser policy
kw_158	LOCKED	2128	nonreserved	allow	allow	skip	allow	skip	skip	lexer keyword classified by local Oracle parser policy
kw_159	LOG	2129	nonreserved	allow	allow	skip	allow	skip	skip	lexer keyword classified by local Oracle parser policy
kw_160	LOGGING	2130	nonreserved	allow	allow	skip	allow	skip	skip	lexer keyword classified by local Oracle parser policy
kw_161	LONG	2131	type	reject	reject	skip	reject	skip	skip	lexer keyword classified by local Oracle parser policy
kw_162	LOOP	2132	nonreserved	allow	allow	skip	allow	skip	skip	lexer keyword classified by local Oracle parser policy
kw_163	MAIN	2281	context	allow	allow	skip	allow	skip	skip	lexer keyword classified by local Oracle parser policy
kw_164	MATCHED	2133	nonreserved	allow	allow	skip	allow	skip	skip	lexer keyword classified by local Oracle parser policy
kw_165	MATERIALIZED	2134	nonreserved	allow	allow	skip	allow	skip	skip	lexer keyword classified by local Oracle parser policy
kw_166	MAXEXTENTS	2135	reserved	reject	reject	skip	reject	skip	skip	lexer keyword classified by local Oracle parser policy
kw_167	MAXVALUE	2136	nonreserved	allow	allow	skip	allow	skip	skip	lexer keyword classified by local Oracle parser policy
kw_168	MEASURES	2282	context	allow	allow	skip	allow	skip	skip	lexer keyword classified by local Oracle parser policy
kw_169	MERGE	2137	nonreserved	allow	allow	skip	allow	skip	skip	lexer keyword classified by local Oracle parser policy
kw_170	MINUS	2138	clause-starter	reject	reject	skip	reject	skip	skip	lexer keyword classified by local Oracle parser policy
kw_171	MINVALUE	2139	nonreserved	allow	allow	skip	allow	skip	skip	lexer keyword classified by local Oracle parser policy
kw_172	MODE	2140	reserved	reject	reject	skip	reject	skip	skip	lexer keyword classified by local Oracle parser policy
kw_173	MODEL	2141	clause-starter	allow	allow	skip	allow	skip	skip	lexer keyword classified by local Oracle parser policy
kw_174	MODIFY	2142	reserved	reject	reject	skip	reject	skip	skip	lexer keyword classified by local Oracle parser policy
kw_175	MULTISET	2143	nonreserved	allow	allow	skip	allow	skip	skip	lexer keyword classified by local Oracle parser policy
kw_176	NAME	2310	nonreserved	allow	allow	skip	allow	skip	skip	lexer keyword classified by local Oracle parser policy
kw_177	NATURAL	2144	nonreserved	allow	allow	skip	allow	skip	skip	lexer keyword classified by local Oracle parser policy
kw_178	NAV	2283	context	allow	allow	skip	allow	skip	skip	lexer keyword classified by local Oracle parser policy
kw_179	NCHAR	2145	type	allow	allow	skip	allow	skip	skip	lexer keyword classified by local Oracle parser policy
kw_180	NCLOB	2146	type	allow	allow	skip	allow	skip	skip	lexer keyword classified by local Oracle parser policy
kw_181	NESTED	2302	context	allow	allow	skip	allow	skip	skip	lexer keyword classified by local Oracle parser policy
kw_182	NEXT	2147	nonreserved	allow	allow	skip	allow	skip	skip	lexer keyword classified by local Oracle parser policy
kw_183	NOAUDIT	2148	reserved	reject	reject	skip	reject	skip	skip	lexer keyword classified by local Oracle parser policy
kw_184	NOCACHE	2149	nonreserved	allow	allow	skip	allow	skip	skip	lexer keyword classified by local Oracle parser policy
kw_185	NOCOMPRESS	2150	reserved	reject	reject	skip	reject	skip	skip	lexer keyword classified by local Oracle parser policy
kw_186	NOCOPY	2151	nonreserved	allow	allow	skip	allow	skip	skip	lexer keyword classified by local Oracle parser policy
kw_187	NOCYCLE	2152	nonreserved	allow	allow	skip	allow	skip	skip	lexer keyword classified by local Oracle parser policy
kw_188	NOLOGGING	2153	nonreserved	allow	allow	skip	allow	skip	skip	lexer keyword classified by local Oracle parser policy
kw_189	NOMAXVALUE	2154	nonreserved	allow	allow	skip	allow	skip	skip	lexer keyword classified by local Oracle parser policy
kw_190	NOMINVALUE	2155	nonreserved	allow	allow	skip	allow	skip	skip	lexer keyword classified by local Oracle parser policy
kw_191	NOORDER	2156	nonreserved	allow	allow	skip	allow	skip	skip	lexer keyword classified by local Oracle parser policy
kw_192	NOPARALLEL	2157	nonreserved	allow	allow	skip	allow	skip	skip	lexer keyword classified by local Oracle parser policy
kw_193	NOT	2158	reserved	reject	reject	skip	reject	skip	skip	lexer keyword classified by local Oracle parser policy
kw_194	NOWAIT	2159	reserved	reject	reject	skip	reject	skip	skip	lexer keyword classified by local Oracle parser policy
kw_195	NULL	2160	reserved	reject	reject	skip	reject	skip	skip	lexer keyword classified by local Oracle parser policy
kw_196	NULLS	2161	nonreserved	allow	allow	skip	allow	skip	skip	lexer keyword classified by local Oracle parser policy
kw_197	NUMBER	2162	type	reject	reject	skip	reject	skip	skip	lexer keyword classified by local Oracle parser policy
kw_198	NVARCHAR2	2163	type	allow	allow	skip	allow	skip	skip	lexer keyword classified by local Oracle parser policy
kw_199	OF	2164	reserved	reject	reject	skip	reject	skip	skip	lexer keyword classified by local Oracle parser policy
kw_200	OFFLINE	2165	reserved	reject	reject	skip	reject	skip	skip	lexer keyword classified by local Oracle parser policy
kw_201	OFFSET	2166	clause-starter	allow	allow	skip	allow	skip	skip	lexer keyword classified by local Oracle parser policy
kw_202	ON	2167	clause-starter	reject	reject	skip	reject	skip	skip	lexer keyword classified by local Oracle parser policy
kw_203	ONLINE	2168	reserved	reject	reject	skip	reject	skip	skip	lexer keyword classified by local Oracle parser policy
kw_204	ONLY	2169	nonreserved	allow	allow	skip	allow	skip	skip	lexer keyword classified by local Oracle parser policy
kw_205	OPEN	2170	nonreserved	allow	allow	skip	allow	skip	skip	lexer keyword classified by local Oracle parser policy
kw_206	OPTION	2171	reserved	reject	reject	skip	reject	skip	skip	lexer keyword classified by local Oracle parser policy
kw_207	OR	2172	reserved	reject	reject	skip	reject	skip	skip	lexer keyword classified by local Oracle parser policy
kw_208	ORDER	2173	clause-starter	reject	reject	skip	reject	skip	skip	lexer keyword classified by local Oracle parser policy
kw_209	ORDINALITY	2303	context	allow	allow	skip	allow	skip	skip	lexer keyword classified by local Oracle parser policy
kw_210	OUT	2174	nonreserved	allow	allow	skip	allow	skip	skip	lexer keyword classified by local Oracle parser policy
kw_211	OUTER	2175	nonreserved	allow	allow	skip	allow	skip	skip	lexer keyword classified by local Oracle parser policy
kw_212	OVER	2176	nonreserved	allow	allow	skip	allow	skip	skip	lexer keyword classified by local Oracle parser policy
kw_213	PACKAGE	2177	nonreserved	allow	allow	skip	allow	skip	skip	lexer keyword classified by local Oracle parser policy
kw_214	PARALLEL	2178	nonreserved	allow	allow	skip	allow	skip	skip	lexer keyword classified by local Oracle parser policy
kw_215	PARALLEL_ENABLE	2179	nonreserved	allow	allow	skip	allow	skip	skip	lexer keyword classified by local Oracle parser policy
kw_216	PARTITION	2180	nonreserved	allow	allow	skip	allow	skip	skip	lexer keyword classified by local Oracle parser policy
kw_217	PASSING	2304	context	allow	allow	skip	allow	skip	skip	lexer keyword classified by local Oracle parser policy
kw_218	PATH	2305	context	allow	allow	skip	allow	skip	skip	lexer keyword classified by local Oracle parser policy
kw_219	PCTFREE	2181	reserved	reject	reject	skip	reject	skip	skip	lexer keyword classified by local Oracle parser policy
kw_220	PERCENT	2182	nonreserved	allow	allow	skip	allow	skip	skip	lexer keyword classified by local Oracle parser policy
kw_221	PIPE	2324	nonreserved	allow	allow	skip	allow	skip	skip	lexer keyword classified by local Oracle parser policy
kw_222	PIPELINED	2183	nonreserved	allow	allow	skip	allow	skip	skip	lexer keyword classified by local Oracle parser policy
kw_223	PIVOT	2184	nonreserved	allow	allow	skip	allow	skip	skip	lexer keyword classified by local Oracle parser policy
kw_224	PLAN	2185	nonreserved	allow	allow	skip	allow	skip	skip	lexer keyword classified by local Oracle parser policy
kw_225	PRAGMA	2186	nonreserved	allow	allow	skip	allow	skip	skip	lexer keyword classified by local Oracle parser policy
kw_226	PRECEDING	2292	context	allow	allow	skip	allow	skip	skip	lexer keyword classified by local Oracle parser policy
kw_227	PRIMARY	2187	nonreserved	allow	reject	skip	allow	skip	skip	lexer keyword classified by local Oracle parser policy
kw_228	PRIOR	2188	reserved	reject	reject	skip	reject	skip	skip	lexer keyword classified by local Oracle parser policy
kw_229	PRIVATE	2189	nonreserved	allow	allow	skip	allow	skip	skip	lexer keyword classified by local Oracle parser policy
kw_230	PRIVILEGES	2190	reserved	reject	reject	skip	reject	skip	skip	lexer keyword classified by local Oracle parser policy
kw_231	PROCEDURE	2191	nonreserved	allow	allow	skip	allow	skip	skip	lexer keyword classified by local Oracle parser policy
kw_232	PROFILE	2329	nonreserved	allow	allow	skip	allow	skip	skip	lexer keyword classified by local Oracle parser policy
kw_233	PUBLIC	2192	reserved	reject	reject	skip	reject	skip	skip	lexer keyword classified by local Oracle parser policy
kw_234	PURGE	2193	nonreserved	allow	allow	skip	allow	skip	skip	lexer keyword classified by local Oracle parser policy
kw_235	RAISE	2194	nonreserved	allow	allow	skip	allow	skip	skip	lexer keyword classified by local Oracle parser policy
kw_236	RANGE	2195	nonreserved	allow	allow	skip	allow	skip	skip	lexer keyword classified by local Oracle parser policy
kw_237	RAW	2196	type	reject	reject	skip	reject	skip	skip	lexer keyword classified by local Oracle parser policy
kw_238	READ	2197	nonreserved	allow	allow	skip	allow	skip	skip	lexer keyword classified by local Oracle parser policy
kw_239	RECORD	2198	nonreserved	allow	allow	skip	allow	skip	skip	lexer keyword classified by local Oracle parser policy
kw_240	RECURSIVE	2199	nonreserved	allow	allow	skip	allow	skip	skip	lexer keyword classified by local Oracle parser policy
kw_241	REF	2200	nonreserved	allow	allow	skip	allow	skip	skip	lexer keyword classified by local Oracle parser policy
kw_242	REFERENCE	2284	context	allow	allow	skip	allow	skip	skip	lexer keyword classified by local Oracle parser policy
kw_243	REFERENCES	2201	nonreserved	allow	allow	skip	allow	skip	skip	lexer keyword classified by local Oracle parser policy
kw_244	REFRESH	2202	nonreserved	allow	allow	skip	allow	skip	skip	lexer keyword classified by local Oracle parser policy
kw_245	REJECT	2203	nonreserved	allow	allow	skip	allow	skip	skip	lexer keyword classified by local Oracle parser policy
kw_246	RELY	2204	nonreserved	allow	allow	skip	allow	skip	skip	lexer keyword classified by local Oracle parser policy
kw_247	RENAME	2205	reserved	reject	reject	skip	reject	skip	skip	lexer keyword classified by local Oracle parser policy
kw_248	REPLACE	2206	nonreserved	allow	allow	skip	allow	skip	skip	lexer keyword classified by local Oracle parser policy
kw_249	RESTRICT	2207	nonreserved	allow	allow	skip	allow	skip	skip	lexer keyword classified by local Oracle parser policy
kw_250	RESULT_CACHE	2208	nonreserved	allow	allow	skip	allow	skip	skip	lexer keyword classified by local Oracle parser policy
kw_251	RETURN	2209	nonreserved	allow	allow	skip	allow	skip	skip	lexer keyword classified by local Oracle parser policy
kw_252	RETURNING	2210	nonreserved	allow	allow	skip	allow	skip	skip	lexer keyword classified by local Oracle parser policy
kw_253	REVERSE	2211	nonreserved	allow	allow	skip	allow	skip	skip	lexer keyword classified by local Oracle parser policy
kw_254	REVOKE	2212	reserved	reject	reject	skip	reject	skip	skip	lexer keyword classified by local Oracle parser policy
kw_255	REWRITE	2213	nonreserved	allow	allow	skip	allow	skip	skip	lexer keyword classified by local Oracle parser policy
kw_256	RIGHT	2214	nonreserved	allow	allow	skip	allow	skip	skip	lexer keyword classified by local Oracle parser policy
kw_257	ROLE	2215	nonreserved	allow	allow	skip	allow	skip	skip	lexer keyword classified by local Oracle parser policy
kw_258	ROLLBACK	2216	nonreserved	allow	allow	skip	allow	skip	skip	lexer keyword classified by local Oracle parser policy
kw_259	ROLLUP	2297	context	allow	allow	skip	allow	skip	skip	lexer keyword classified by local Oracle parser policy
kw_260	ROW	2217	reserved	reject	reject	skip	reject	skip	skip	lexer keyword classified by local Oracle parser policy
kw_261	ROWID	2218	pseudo-column	reject	reject	skip	reject	skip	allow	lexer keyword classified by local Oracle parser policy
kw_262	ROWNUM	2219	pseudo-column	reject	reject	skip	reject	skip	allow	lexer keyword classified by local Oracle parser policy
kw_263	ROWS	2220	reserved	reject	reject	skip	reject	skip	skip	lexer keyword classified by local Oracle parser policy
kw_264	ROWTYPE	2221	nonreserved	allow	allow	skip	allow	skip	skip	lexer keyword classified by local Oracle parser policy
kw_265	RULES	2285	context	allow	allow	skip	allow	skip	skip	lexer keyword classified by local Oracle parser policy
kw_266	SAMPLE	2222	nonreserved	allow	allow	skip	allow	skip	skip	lexer keyword classified by local Oracle parser policy
kw_267	SAVEPOINT	2223	nonreserved	allow	allow	skip	allow	skip	skip	lexer keyword classified by local Oracle parser policy
kw_268	SCHEMA	2330	nonreserved	allow	allow	skip	allow	skip	skip	lexer keyword classified by local Oracle parser policy
kw_269	SCN	2224	nonreserved	allow	allow	skip	allow	skip	skip	lexer keyword classified by local Oracle parser policy
kw_270	SEED	2225	context	allow	allow	skip	allow	skip	skip	lexer keyword classified by local Oracle parser policy
kw_271	SELECT	2226	reserved	reject	reject	skip	reject	skip	skip	lexer keyword classified by local Oracle parser policy
kw_272	SEQUENCE	2227	nonreserved	allow	allow	skip	allow	skip	skip	lexer keyword classified by local Oracle parser policy
kw_273	SEQUENTIAL	2286	context	allow	allow	skip	allow	skip	skip	lexer keyword classified by local Oracle parser policy
kw_274	SESSION	2228	reserved	reject	reject	skip	reject	skip	skip	lexer keyword classified by local Oracle parser policy
kw_275	SET	2229	reserved	reject	reject	skip	reject	skip	skip	lexer keyword classified by local Oracle parser policy
kw_276	SETS	2298	context	allow	allow	skip	allow	skip	skip	lexer keyword classified by local Oracle parser policy
kw_277	SHARE	2318	reserved	reject	reject	skip	reject	skip	skip	lexer keyword classified by local Oracle parser policy
kw_278	SIZE	2230	reserved	reject	reject	skip	reject	skip	skip	lexer keyword classified by local Oracle parser policy
kw_279	SKIP	2231	nonreserved	allow	allow	skip	allow	skip	skip	lexer keyword classified by local Oracle parser policy
kw_280	SMALLINT	2232	type	reject	reject	skip	reject	skip	skip	lexer keyword classified by local Oracle parser policy
kw_281	START	2233	clause-starter	reject	reject	skip	reject	skip	skip	lexer keyword classified by local Oracle parser policy
kw_282	STATISTICS	2321	nonreserved	allow	allow	skip	allow	skip	skip	lexer keyword classified by local Oracle parser policy
kw_283	STORAGE	2234	nonreserved	allow	allow	skip	allow	skip	skip	lexer keyword classified by local Oracle parser policy
kw_284	SUBPARTITION	2235	nonreserved	allow	allow	skip	allow	skip	skip	lexer keyword classified by local Oracle parser policy
kw_285	SUBTYPE	2236	nonreserved	allow	allow	skip	allow	skip	skip	lexer keyword classified by local Oracle parser policy
kw_286	SUCCESSFUL	2322	reserved	reject	reject	skip	reject	skip	skip	lexer keyword classified by local Oracle parser policy
kw_287	SYNONYM	2237	reserved	reject	reject	skip	reject	skip	skip	lexer keyword classified by local Oracle parser policy
kw_288	SYSDATE	2239	pseudo-column	reject	reject	skip	reject	skip	allow	lexer keyword classified by local Oracle parser policy
kw_289	SYSTEM	2240	nonreserved	allow	allow	skip	allow	skip	skip	lexer keyword classified by local Oracle parser policy
kw_290	SYSTIMESTAMP	2241	pseudo-column	allow	allow	skip	allow	skip	allow	lexer keyword classified by local Oracle parser policy
kw_291	SYS_CONNECT_BY_PATH	2238	function	allow	allow	skip	allow	allow	skip	lexer keyword classified by local Oracle parser policy
kw_292	TABLE	2242	reserved	reject	reject	skip	reject	skip	skip	lexer keyword classified by local Oracle parser policy
kw_293	TABLESPACE	2243	nonreserved	allow	allow	skip	allow	skip	skip	lexer keyword classified by local Oracle parser policy
kw_294	TEMPORARY	2244	nonreserved	allow	allow	skip	allow	skip	skip	lexer keyword classified by local Oracle parser policy
kw_295	THEN	2245	reserved	reject	reject	skip	reject	skip	skip	lexer keyword classified by local Oracle parser policy
kw_296	TIES	2246	nonreserved	allow	allow	skip	allow	skip	skip	lexer keyword classified by local Oracle parser policy
kw_297	TIMESTAMP	2247	type	allow	allow	skip	allow	skip	skip	lexer keyword classified by local Oracle parser policy
kw_298	TO	2248	reserved	reject	reject	skip	reject	skip	skip	lexer keyword classified by local Oracle parser policy
kw_299	TRANSACTION	2249	nonreserved	allow	allow	skip	allow	skip	skip	lexer keyword classified by local Oracle parser policy
kw_300	TREAT	2308	function	allow	allow	skip	allow	allow	skip	lexer keyword classified by local Oracle parser policy
kw_301	TRIGGER	2250	reserved	reject	reject	skip	reject	skip	skip	lexer keyword classified by local Oracle parser policy
kw_302	TRUNCATE	2251	nonreserved	allow	allow	skip	allow	skip	skip	lexer keyword classified by local Oracle parser policy
kw_303	TYPE	2252	nonreserved	allow	allow	skip	allow	skip	skip	lexer keyword classified by local Oracle parser policy
kw_304	UNBOUNDED	2293	context	allow	allow	skip	allow	skip	skip	lexer keyword classified by local Oracle parser policy
kw_305	UNDER	2253	nonreserved	allow	allow	skip	allow	skip	skip	lexer keyword classified by local Oracle parser policy
kw_306	UNION	2254	clause-starter	reject	reject	skip	reject	skip	skip	lexer keyword classified by local Oracle parser policy
kw_307	UNIQUE	2255	reserved	reject	reject	skip	reject	skip	skip	lexer keyword classified by local Oracle parser policy
kw_308	UNPIVOT	2256	nonreserved	allow	allow	skip	allow	skip	skip	lexer keyword classified by local Oracle parser policy
kw_309	UNTIL	2287	context	allow	allow	skip	allow	skip	skip	lexer keyword classified by local Oracle parser policy
kw_310	UPDATE	2257	reserved	reject	reject	skip	reject	skip	skip	lexer keyword classified by local Oracle parser policy
kw_311	UPDATED	2288	context	allow	allow	skip	allow	skip	skip	lexer keyword classified by local Oracle parser policy
kw_312	UPSERT	2289	context	allow	allow	skip	allow	skip	skip	lexer keyword classified by local Oracle parser policy
kw_313	USER	2258	pseudo-column	reject	reject	skip	reject	skip	allow	lexer keyword classified by local Oracle parser policy
kw_314	USING	2259	clause-starter	allow	allow	skip	allow	skip	skip	lexer keyword classified by local Oracle parser policy
kw_315	VALIDATE	2260	reserved	reject	reject	skip	reject	skip	skip	lexer keyword classified by local Oracle parser policy
kw_316	VALUES	2261	reserved	reject	reject	skip	reject	skip	skip	lexer keyword classified by local Oracle parser policy
kw_317	VARCHAR	2262	type	reject	reject	skip	reject	skip	skip	lexer keyword classified by local Oracle parser policy
kw_318	VARCHAR2	2263	type	reject	reject	skip	reject	skip	skip	lexer keyword classified by local Oracle parser policy
kw_319	VARRAY	2264	type	allow	allow	skip	allow	skip	skip	lexer keyword classified by local Oracle parser policy
kw_320	VERSIONS	2276	context	allow	allow	skip	allow	skip	skip	lexer keyword classified by local Oracle parser policy
kw_321	VIEW	2265	reserved	reject	reject	skip	reject	skip	skip	lexer keyword classified by local Oracle parser policy
kw_322	VIRTUAL	2266	nonreserved	allow	allow	skip	allow	skip	skip	lexer keyword classified by local Oracle parser policy
kw_323	WAIT	2267	nonreserved	allow	allow	skip	allow	skip	skip	lexer keyword classified by local Oracle parser policy
kw_324	WHEN	2268	nonreserved	allow	allow	skip	allow	skip	skip	lexer keyword classified by local Oracle parser policy
kw_325	WHENEVER	2323	reserved	reject	reject	skip	reject	skip	skip	lexer keyword classified by local Oracle parser policy
kw_326	WHERE	2269	clause-starter	reject	reject	skip	reject	skip	skip	lexer keyword classified by local Oracle parser policy
kw_327	WHILE	2270	nonreserved	allow	allow	skip	allow	skip	skip	lexer keyword classified by local Oracle parser policy
kw_328	WITH	2271	clause-starter	reject	reject	skip	reject	skip	skip	lexer keyword classified by local Oracle parser policy
kw_329	WITHIN	2294	context	allow	allow	skip	allow	skip	skip	lexer keyword classified by local Oracle parser policy
kw_330	WORK	2272	nonreserved	allow	allow	skip	allow	skip	skip	lexer keyword classified by local Oracle parser policy
kw_331	WRITE	2273	nonreserved	allow	allow	skip	allow	skip	skip	lexer keyword classified by local Oracle parser policy
kw_332	XMLAGG	2311	function	allow	allow	skip	allow	allow	skip	lexer keyword classified by local Oracle parser policy
kw_333	XMLELEMENT	2312	function	allow	allow	skip	allow	allow	skip	lexer keyword classified by local Oracle parser policy
kw_334	XMLFOREST	2313	function	allow	allow	skip	allow	allow	skip	lexer keyword classified by local Oracle parser policy
kw_335	XMLPARSE	2314	function	allow	allow	skip	allow	allow	skip	lexer keyword classified by local Oracle parser policy
kw_336	XMLROOT	2315	function	allow	allow	skip	allow	allow	skip	lexer keyword classified by local Oracle parser policy
kw_337	XMLSERIALIZE	2316	function	allow	allow	skip	allow	allow	skip	lexer keyword classified by local Oracle parser policy
kw_338	XMLTABLE	2306	context	allow	allow	skip	allow	skip	skip	lexer keyword classified by local Oracle parser policy
kw_339	ZONE	2274	nonreserved	allow	allow	skip	allow	skip	skip	lexer keyword classified by local Oracle parser policy
kw_340	COLUMN_VALUE	2339	reserved	reject	reject	skip	reject	skip	skip	Oracle 26ai SQL reserved word audit
kw_341	MLSLABEL	2340	reserved	reject	reject	skip	reject	skip	skip	Oracle 26ai SQL reserved word audit
kw_342	NESTED_TABLE_ID	2341	reserved	reject	reject	skip	reject	skip	skip	Oracle 26ai SQL reserved word audit
kw_343	RESOURCE	2342	reserved	reject	reject	skip	reject	skip	skip	Oracle 26ai SQL reserved word audit
kw_344	UID	2343	reserved	reject	reject	skip	reject	skip	skip	Oracle 26ai SQL reserved word audit
