bnf_file	family	p2_status	p2_surface	parser_entrypoint	ast_target	current_gap	skip_hotspot	owner_phase	next_action	positive_test	negative_test	loc_test	reference_evidence
ADMINISTER-KEY-MANAGEMENT.bnf	administer	p2_done	administer_key_management_command_and_clause_options	parseAdministerKeyManagementStmt	nodes.AdminDDLStmt	parser_visible_surface_structured; semantics remain catalog			catalog_semantics_out_of_scope_after_p2_ast	oracle/parser/create_admin_test.go::TestP2AdministerKeyManagementOptions	oracle/parser/create_admin_test.go::TestP2AdministerKeyManagementRequiresKeyManagement	oracle/parser/create_admin_test.go::TestP2AdministerKeyManagementLoc	local_structure_tests_only
ALTER-ANALYTIC-VIEW.bnf	alter	p2_done	alter_parser_visible_surface	Parse	nodes.AlterAnalyticViewStmt	parser_visible_surface_structured; semantics remain out of scope			semantic_catalog_execution_out_of_scope_after_p2_ast	oracle/parser/modern_feature_p2_test.go::TestP2ModernFeaturePositive	oracle/parser/modern_feature_p2_test.go::TestP2ModernFeatureNegative	oracle/parser/modern_feature_p2_test.go::TestP2ModernFeatureLoc	local_structure_tests_only
ALTER-ATTRIBUTE-DIMENSION.bnf	alter	p2_done	alter_parser_visible_surface	Parse	nodes.AlterAttributeDimensionStmt	parser_visible_surface_structured; semantics remain out of scope			semantic_catalog_execution_out_of_scope_after_p2_ast	oracle/parser/modern_feature_p2_test.go::TestP2ModernFeaturePositive	oracle/parser/modern_feature_p2_test.go::TestP2ModernFeatureNegative	oracle/parser/modern_feature_p2_test.go::TestP2ModernFeatureLoc	local_structure_tests_only
ALTER-AUDIT-POLICY-Unified-Auditing.bnf	alter	p2_done	alter_parser_visible_surface	Parse	nodes.StmtNode	parser_visible_surface_structured; semantics remain out of scope			semantic_catalog_execution_out_of_scope_after_p2_ast	oracle/parser/p2_completion_matrix_test.go::TestP2CompletionPositive	oracle/parser/p2_completion_matrix_test.go::TestP2CompletionNegative	oracle/parser/p2_completion_matrix_test.go::TestP2CompletionLoc	local_structure_tests_only
ALTER-CLUSTER.bnf	alter	p2_done	alter_parser_visible_surface	Parse	nodes.StmtNode	parser_visible_surface_structured; semantics remain out of scope			semantic_catalog_execution_out_of_scope_after_p2_ast	oracle/parser/p2_completion_matrix_test.go::TestP2CompletionPositive	oracle/parser/p2_completion_matrix_test.go::TestP2CompletionNegative	oracle/parser/p2_completion_matrix_test.go::TestP2CompletionLoc	local_structure_tests_only
ALTER-DATABASE-DICTIONARY.bnf	alter	p2_done	catalog_admin_statement_and_option_surface	Parse	nodes.AdminDDLStmt	parser_visible_surface_structured; semantics remain catalog			catalog_semantics_out_of_scope_after_p2_ast	oracle/parser/create_admin_catalog_p2_test.go::TestP2CatalogAdminPositive	oracle/parser/create_admin_catalog_p2_test.go::TestP2CatalogAdminNegative	oracle/parser/create_admin_catalog_p2_test.go::TestP2CatalogAdminLoc	local_structure_tests_only
ALTER-DATABASE-LINK.bnf	alter	p2_done	catalog_admin_statement_and_option_surface	Parse	nodes.AlterDatabaseLinkStmt	parser_visible_surface_structured; semantics remain catalog			catalog_semantics_out_of_scope_after_p2_ast	oracle/parser/create_admin_catalog_p2_test.go::TestP2CatalogAdminPositive	oracle/parser/create_admin_catalog_p2_test.go::TestP2CatalogAdminNegative	oracle/parser/create_admin_catalog_p2_test.go::TestP2CatalogAdminLoc	local_structure_tests_only
ALTER-DATABASE.bnf	alter	p2_done	catalog_admin_statement_and_option_surface	Parse	nodes.AdminDDLStmt	parser_visible_surface_structured; semantics remain catalog			catalog_semantics_out_of_scope_after_p2_ast	oracle/parser/create_admin_catalog_p2_test.go::TestP2CatalogAdminPositive	oracle/parser/create_admin_catalog_p2_test.go::TestP2CatalogAdminNegative	oracle/parser/create_admin_catalog_p2_test.go::TestP2CatalogAdminLoc	local_structure_tests_only
ALTER-DIMENSION.bnf	alter	p2_done	alter_parser_visible_surface	Parse	nodes.AlterDimensionStmt	parser_visible_surface_structured; semantics remain out of scope			semantic_catalog_execution_out_of_scope_after_p2_ast	oracle/parser/modern_feature_p2_test.go::TestP2ModernFeaturePositive	oracle/parser/modern_feature_p2_test.go::TestP2ModernFeatureNegative	oracle/parser/modern_feature_p2_test.go::TestP2ModernFeatureLoc	local_structure_tests_only
ALTER-DISKGROUP.bnf	alter	p2_done	catalog_admin_statement_and_option_surface	Parse	nodes.AdminDDLStmt	parser_visible_surface_structured; semantics remain catalog			catalog_semantics_out_of_scope_after_p2_ast	oracle/parser/create_admin_catalog_p2_test.go::TestP2CatalogAdminPositive	oracle/parser/create_admin_catalog_p2_test.go::TestP2CatalogAdminNegative	oracle/parser/create_admin_catalog_p2_test.go::TestP2CatalogAdminLoc	local_structure_tests_only
ALTER-FLASHBACK-ARCHIVE.bnf	alter	p2_done	alter_parser_visible_surface	Parse	nodes.StmtNode	parser_visible_surface_structured; semantics remain out of scope			semantic_catalog_execution_out_of_scope_after_p2_ast	oracle/parser/p2_completion_matrix_test.go::TestP2CompletionPositive	oracle/parser/p2_completion_matrix_test.go::TestP2CompletionNegative	oracle/parser/p2_completion_matrix_test.go::TestP2CompletionLoc	local_structure_tests_only
ALTER-FUNCTION.bnf	alter	p2_done	alter_parser_visible_surface	Parse	nodes.StmtNode	parser_visible_surface_structured; semantics remain out of scope			semantic_catalog_execution_out_of_scope_after_p2_ast	oracle/parser/p2_completion_matrix_test.go::TestP2CompletionPositive	oracle/parser/p2_completion_matrix_test.go::TestP2CompletionNegative	oracle/parser/p2_completion_matrix_test.go::TestP2CompletionLoc	local_structure_tests_only
ALTER-HIERARCHY.bnf	alter	p2_done	alter_parser_visible_surface	Parse	nodes.AlterHierarchyStmt	parser_visible_surface_structured; semantics remain out of scope			semantic_catalog_execution_out_of_scope_after_p2_ast	oracle/parser/modern_feature_p2_test.go::TestP2ModernFeaturePositive	oracle/parser/modern_feature_p2_test.go::TestP2ModernFeatureNegative	oracle/parser/modern_feature_p2_test.go::TestP2ModernFeatureLoc	local_structure_tests_only
ALTER-INDEX.bnf	alter	p2_done	alter_parser_visible_surface	Parse	nodes.StmtNode	parser_visible_surface_structured; semantics remain out of scope			semantic_catalog_execution_out_of_scope_after_p2_ast	oracle/parser/p2_completion_matrix_test.go::TestP2CompletionPositive	oracle/parser/p2_completion_matrix_test.go::TestP2CompletionNegative	oracle/parser/p2_completion_matrix_test.go::TestP2CompletionLoc	local_structure_tests_only
ALTER-INDEXTYPE.bnf	alter	p2_done	alter_parser_visible_surface	Parse	nodes.StmtNode	parser_visible_surface_structured; semantics remain out of scope			semantic_catalog_execution_out_of_scope_after_p2_ast	oracle/parser/p2_completion_matrix_test.go::TestP2CompletionPositive	oracle/parser/p2_completion_matrix_test.go::TestP2CompletionNegative	oracle/parser/p2_completion_matrix_test.go::TestP2CompletionLoc	local_structure_tests_only
ALTER-INMEMORY-JOIN-GROUP.bnf	alter	p2_done	alter_parser_visible_surface	Parse	nodes.AlterInmemoryJoinGroupStmt	parser_visible_surface_structured; semantics remain out of scope			semantic_catalog_execution_out_of_scope_after_p2_ast	oracle/parser/modern_feature_p2_test.go::TestP2ModernFeaturePositive	oracle/parser/modern_feature_p2_test.go::TestP2ModernFeatureNegative	oracle/parser/modern_feature_p2_test.go::TestP2ModernFeatureLoc	local_structure_tests_only
ALTER-JAVA.bnf	alter	p2_done	alter_parser_visible_surface	Parse	nodes.AdminDDLStmt	parser_visible_surface_structured; semantics remain out of scope			semantic_catalog_execution_out_of_scope_after_p2_ast	oracle/parser/modern_feature_p2_test.go::TestP2ModernFeaturePositive	oracle/parser/modern_feature_p2_test.go::TestP2ModernFeatureNegative	oracle/parser/modern_feature_p2_test.go::TestP2ModernFeatureLoc	local_structure_tests_only
ALTER-LIBRARY.bnf	alter	p2_done	alter_parser_visible_surface	Parse	nodes.AdminDDLStmt	parser_visible_surface_structured; semantics remain out of scope			semantic_catalog_execution_out_of_scope_after_p2_ast	oracle/parser/modern_feature_p2_test.go::TestP2ModernFeaturePositive	oracle/parser/modern_feature_p2_test.go::TestP2ModernFeatureNegative	oracle/parser/modern_feature_p2_test.go::TestP2ModernFeatureLoc	local_structure_tests_only
ALTER-LOCKDOWN-PROFILE.bnf	alter	p2_done	alter_parser_visible_surface	Parse	nodes.AlterLockdownProfileStmt	parser_visible_surface_structured; semantics remain out of scope			semantic_catalog_execution_out_of_scope_after_p2_ast	oracle/parser/modern_feature_p2_test.go::TestP2ModernFeaturePositive	oracle/parser/modern_feature_p2_test.go::TestP2ModernFeatureNegative	oracle/parser/modern_feature_p2_test.go::TestP2ModernFeatureLoc	local_structure_tests_only
ALTER-MATERIALIZED-VIEW-LOG.bnf	alter	p2_done	alter_parser_visible_surface	Parse	nodes.StmtNode	parser_visible_surface_structured; semantics remain out of scope			semantic_catalog_execution_out_of_scope_after_p2_ast	oracle/parser/p2_completion_matrix_test.go::TestP2CompletionPositive	oracle/parser/p2_completion_matrix_test.go::TestP2CompletionNegative	oracle/parser/p2_completion_matrix_test.go::TestP2CompletionLoc	local_structure_tests_only
ALTER-MATERIALIZED-VIEW.bnf	alter	p2_done	alter_parser_visible_surface	Parse	nodes.StmtNode	parser_visible_surface_structured; semantics remain out of scope			semantic_catalog_execution_out_of_scope_after_p2_ast	oracle/parser/p2_completion_matrix_test.go::TestP2CompletionPositive	oracle/parser/p2_completion_matrix_test.go::TestP2CompletionNegative	oracle/parser/p2_completion_matrix_test.go::TestP2CompletionLoc	local_structure_tests_only
ALTER-MATERIALIZED-ZONEMAP.bnf	alter	p2_done	alter_parser_visible_surface	Parse	nodes.AlterMaterializedZonemapStmt	parser_visible_surface_structured; semantics remain out of scope			semantic_catalog_execution_out_of_scope_after_p2_ast	oracle/parser/modern_feature_p2_test.go::TestP2ModernFeaturePositive	oracle/parser/modern_feature_p2_test.go::TestP2ModernFeatureNegative	oracle/parser/modern_feature_p2_test.go::TestP2ModernFeatureLoc	local_structure_tests_only
ALTER-OPERATOR.bnf	alter	p2_done	alter_parser_visible_surface	Parse	nodes.AlterOperatorStmt	parser_visible_surface_structured; semantics remain out of scope			semantic_catalog_execution_out_of_scope_after_p2_ast	oracle/parser/modern_feature_p2_test.go::TestP2ModernFeaturePositive	oracle/parser/modern_feature_p2_test.go::TestP2ModernFeatureNegative	oracle/parser/modern_feature_p2_test.go::TestP2ModernFeatureLoc	local_structure_tests_only
ALTER-OUTLINE.bnf	alter	p2_done	alter_parser_visible_surface	Parse	nodes.AlterOutlineStmt	parser_visible_surface_structured; semantics remain out of scope			semantic_catalog_execution_out_of_scope_after_p2_ast	oracle/parser/modern_feature_p2_test.go::TestP2ModernFeaturePositive	oracle/parser/modern_feature_p2_test.go::TestP2ModernFeatureNegative	oracle/parser/modern_feature_p2_test.go::TestP2ModernFeatureLoc	local_structure_tests_only
ALTER-PACKAGE.bnf	alter	p2_done	alter_parser_visible_surface	Parse	nodes.StmtNode	parser_visible_surface_structured; semantics remain out of scope			semantic_catalog_execution_out_of_scope_after_p2_ast	oracle/parser/p2_completion_matrix_test.go::TestP2CompletionPositive	oracle/parser/p2_completion_matrix_test.go::TestP2CompletionNegative	oracle/parser/p2_completion_matrix_test.go::TestP2CompletionLoc	local_structure_tests_only
ALTER-PLUGGABLE-DATABASE.bnf	alter	p2_done	catalog_admin_statement_and_option_surface	Parse	nodes.AdminDDLStmt	parser_visible_surface_structured; semantics remain catalog			catalog_semantics_out_of_scope_after_p2_ast	oracle/parser/create_admin_catalog_p2_test.go::TestP2CatalogAdminPositive	oracle/parser/create_admin_catalog_p2_test.go::TestP2CatalogAdminNegative	oracle/parser/create_admin_catalog_p2_test.go::TestP2CatalogAdminLoc	local_structure_tests_only
ALTER-PROCEDURE.bnf	alter	p2_done	alter_parser_visible_surface	Parse	nodes.StmtNode	parser_visible_surface_structured; semantics remain out of scope			semantic_catalog_execution_out_of_scope_after_p2_ast	oracle/parser/p2_completion_matrix_test.go::TestP2CompletionPositive	oracle/parser/p2_completion_matrix_test.go::TestP2CompletionNegative	oracle/parser/p2_completion_matrix_test.go::TestP2CompletionLoc	local_structure_tests_only
ALTER-PROFILE.bnf	alter	p2_done	alter_parser_visible_surface	Parse	nodes.StmtNode	parser_visible_surface_structured; semantics remain out of scope			semantic_catalog_execution_out_of_scope_after_p2_ast	oracle/parser/p2_completion_matrix_test.go::TestP2CompletionPositive	oracle/parser/p2_completion_matrix_test.go::TestP2CompletionNegative	oracle/parser/p2_completion_matrix_test.go::TestP2CompletionLoc	local_structure_tests_only
ALTER-RESOURCE-COST.bnf	alter	p2_done	catalog_admin_statement_and_option_surface	Parse	nodes.AlterResourceCostStmt	parser_visible_surface_structured; semantics remain catalog			catalog_semantics_out_of_scope_after_p2_ast	oracle/parser/create_admin_catalog_p2_test.go::TestP2CatalogAdminPositive	oracle/parser/create_admin_catalog_p2_test.go::TestP2CatalogAdminNegative	oracle/parser/create_admin_catalog_p2_test.go::TestP2CatalogAdminLoc	local_structure_tests_only
ALTER-ROLE.bnf	alter	p2_done	alter_parser_visible_surface	Parse	nodes.StmtNode	parser_visible_surface_structured; semantics remain out of scope			semantic_catalog_execution_out_of_scope_after_p2_ast	oracle/parser/p2_completion_matrix_test.go::TestP2CompletionPositive	oracle/parser/p2_completion_matrix_test.go::TestP2CompletionNegative	oracle/parser/p2_completion_matrix_test.go::TestP2CompletionLoc	local_structure_tests_only
ALTER-ROLLBACK-SEGMENT.bnf	alter	p2_done	alter_parser_visible_surface	Parse	nodes.StmtNode	parser_visible_surface_structured; semantics remain out of scope			semantic_catalog_execution_out_of_scope_after_p2_ast	oracle/parser/p2_completion_matrix_test.go::TestP2CompletionPositive	oracle/parser/p2_completion_matrix_test.go::TestP2CompletionNegative	oracle/parser/p2_completion_matrix_test.go::TestP2CompletionLoc	local_structure_tests_only
ALTER-SEQUENCE.bnf	alter	p2_done	alter_parser_visible_surface	Parse	nodes.StmtNode	parser_visible_surface_structured; semantics remain out of scope			semantic_catalog_execution_out_of_scope_after_p2_ast	oracle/parser/p2_completion_matrix_test.go::TestP2CompletionPositive	oracle/parser/p2_completion_matrix_test.go::TestP2CompletionNegative	oracle/parser/p2_completion_matrix_test.go::TestP2CompletionLoc	local_structure_tests_only
ALTER-SESSION.bnf	alter	p2_done	alter_parser_visible_surface	Parse	nodes.StmtNode	parser_visible_surface_structured; semantics remain out of scope			semantic_catalog_execution_out_of_scope_after_p2_ast	oracle/parser/p2_completion_matrix_test.go::TestP2CompletionPositive	oracle/parser/p2_completion_matrix_test.go::TestP2CompletionNegative	oracle/parser/p2_completion_matrix_test.go::TestP2CompletionLoc	local_structure_tests_only
ALTER-SYNONYM.bnf	alter	p2_done	alter_parser_visible_surface	Parse	nodes.StmtNode	parser_visible_surface_structured; semantics remain out of scope			semantic_catalog_execution_out_of_scope_after_p2_ast	oracle/parser/p2_completion_matrix_test.go::TestP2CompletionPositive	oracle/parser/p2_completion_matrix_test.go::TestP2CompletionNegative	oracle/parser/p2_completion_matrix_test.go::TestP2CompletionLoc	local_structure_tests_only
ALTER-SYSTEM.bnf	alter	p2_done	alter_parser_visible_surface	Parse	nodes.StmtNode	parser_visible_surface_structured; semantics remain out of scope			semantic_catalog_execution_out_of_scope_after_p2_ast	oracle/parser/p2_completion_matrix_test.go::TestP2CompletionPositive	oracle/parser/p2_completion_matrix_test.go::TestP2CompletionNegative	oracle/parser/p2_completion_matrix_test.go::TestP2CompletionLoc	local_structure_tests_only
ALTER-TABLE.bnf	alter	p2_done	alter_table_action_and_option_surface	Parse	nodes.AlterTableStmt	parser_visible_surface_structured; semantics remain out of scope			semantic_catalog_execution_out_of_scope_after_p2_ast	oracle/parser/p2_completion_matrix_test.go::TestP2CompletionPositive	oracle/parser/p2_completion_matrix_test.go::TestP2CompletionNegative	oracle/parser/p2_completion_matrix_test.go::TestP2CompletionLoc	local_structure_tests_only
ALTER-TABLESPACE-SET.bnf	alter	p2_done	catalog_admin_statement_and_option_surface	Parse	nodes.AdminDDLStmt	parser_visible_surface_structured; semantics remain catalog			catalog_semantics_out_of_scope_after_p2_ast	oracle/parser/create_admin_catalog_p2_test.go::TestP2CatalogAdminPositive	oracle/parser/create_admin_catalog_p2_test.go::TestP2CatalogAdminNegative	oracle/parser/create_admin_catalog_p2_test.go::TestP2CatalogAdminLoc	local_structure_tests_only
ALTER-TABLESPACE.bnf	alter	p2_done	catalog_admin_statement_and_option_surface	Parse	nodes.AlterTablespaceStmt	parser_visible_surface_structured; semantics remain catalog			catalog_semantics_out_of_scope_after_p2_ast	oracle/parser/create_admin_catalog_p2_test.go::TestP2CatalogAdminPositive	oracle/parser/create_admin_catalog_p2_test.go::TestP2CatalogAdminNegative	oracle/parser/create_admin_catalog_p2_test.go::TestP2CatalogAdminLoc	local_structure_tests_only
ALTER-TRIGGER.bnf	alter	p2_done	alter_parser_visible_surface	Parse	nodes.StmtNode	parser_visible_surface_structured; semantics remain out of scope			semantic_catalog_execution_out_of_scope_after_p2_ast	oracle/parser/p2_completion_matrix_test.go::TestP2CompletionPositive	oracle/parser/p2_completion_matrix_test.go::TestP2CompletionNegative	oracle/parser/p2_completion_matrix_test.go::TestP2CompletionLoc	local_structure_tests_only
ALTER-TYPE.bnf	alter	p2_done	alter_parser_visible_surface	Parse	nodes.StmtNode	parser_visible_surface_structured; semantics remain out of scope			semantic_catalog_execution_out_of_scope_after_p2_ast	oracle/parser/p2_completion_matrix_test.go::TestP2CompletionPositive	oracle/parser/p2_completion_matrix_test.go::TestP2CompletionNegative	oracle/parser/p2_completion_matrix_test.go::TestP2CompletionLoc	local_structure_tests_only
ALTER-USER.bnf	alter	p2_done	alter_parser_visible_surface	Parse	nodes.StmtNode	parser_visible_surface_structured; semantics remain out of scope			semantic_catalog_execution_out_of_scope_after_p2_ast	oracle/parser/p2_completion_matrix_test.go::TestP2CompletionPositive	oracle/parser/p2_completion_matrix_test.go::TestP2CompletionNegative	oracle/parser/p2_completion_matrix_test.go::TestP2CompletionLoc	local_structure_tests_only
ALTER-VIEW.bnf	alter	p2_done	alter_parser_visible_surface	Parse	nodes.StmtNode	parser_visible_surface_structured; semantics remain out of scope			semantic_catalog_execution_out_of_scope_after_p2_ast	oracle/parser/p2_completion_matrix_test.go::TestP2CompletionPositive	oracle/parser/p2_completion_matrix_test.go::TestP2CompletionNegative	oracle/parser/p2_completion_matrix_test.go::TestP2CompletionLoc	local_structure_tests_only
ANALYZE.bnf	analyze	p2_done	analyze_parser_visible_surface	Parse	nodes.StmtNode	parser_visible_surface_structured; semantics remain out of scope			semantic_catalog_execution_out_of_scope_after_p2_ast	oracle/parser/p2_completion_matrix_test.go::TestP2CompletionPositive	oracle/parser/p2_completion_matrix_test.go::TestP2CompletionNegative	oracle/parser/p2_completion_matrix_test.go::TestP2CompletionLoc	local_structure_tests_only
ASSOCIATE-STATISTICS.bnf	associate	p2_done	associate_parser_visible_surface	Parse	nodes.StmtNode	parser_visible_surface_structured; semantics remain out of scope			semantic_catalog_execution_out_of_scope_after_p2_ast	oracle/parser/p2_completion_matrix_test.go::TestP2CompletionPositive	oracle/parser/p2_completion_matrix_test.go::TestP2CompletionNegative	oracle/parser/p2_completion_matrix_test.go::TestP2CompletionLoc	local_structure_tests_only
AUDIT-Traditional-Auditing.bnf	audit	p2_done	audit_parser_visible_surface	Parse	nodes.StmtNode	parser_visible_surface_structured; semantics remain out of scope			semantic_catalog_execution_out_of_scope_after_p2_ast	oracle/parser/p2_completion_matrix_test.go::TestP2CompletionPositive	oracle/parser/p2_completion_matrix_test.go::TestP2CompletionNegative	oracle/parser/p2_completion_matrix_test.go::TestP2CompletionLoc	local_structure_tests_only
AUDIT-Unified-Auditing.bnf	audit	p2_done	audit_parser_visible_surface	Parse	nodes.StmtNode	parser_visible_surface_structured; semantics remain out of scope			semantic_catalog_execution_out_of_scope_after_p2_ast	oracle/parser/p2_completion_matrix_test.go::TestP2CompletionPositive	oracle/parser/p2_completion_matrix_test.go::TestP2CompletionNegative	oracle/parser/p2_completion_matrix_test.go::TestP2CompletionLoc	local_structure_tests_only
CALL.bnf	call	p2_done	call_parser_visible_surface	Parse	nodes.StmtNode	parser_visible_surface_structured; semantics remain out of scope			semantic_catalog_execution_out_of_scope_after_p2_ast	oracle/parser/p2_completion_matrix_test.go::TestP2CompletionPositive	oracle/parser/p2_completion_matrix_test.go::TestP2CompletionNegative	oracle/parser/p2_completion_matrix_test.go::TestP2CompletionLoc	local_structure_tests_only
COMMENT.bnf	comment	p2_done	comment_parser_visible_surface	Parse	nodes.StmtNode	parser_visible_surface_structured; semantics remain out of scope			semantic_catalog_execution_out_of_scope_after_p2_ast	oracle/parser/p2_completion_matrix_test.go::TestP2CompletionPositive	oracle/parser/p2_completion_matrix_test.go::TestP2CompletionNegative	oracle/parser/p2_completion_matrix_test.go::TestP2CompletionLoc	local_structure_tests_only
COMMIT.bnf	commit	p2_done	commit_parser_visible_surface	Parse	nodes.StmtNode	parser_visible_surface_structured; semantics remain out of scope			semantic_catalog_execution_out_of_scope_after_p2_ast	oracle/parser/p2_completion_matrix_test.go::TestP2CompletionPositive	oracle/parser/p2_completion_matrix_test.go::TestP2CompletionNegative	oracle/parser/p2_completion_matrix_test.go::TestP2CompletionLoc	local_structure_tests_only
CREATE-ANALYTIC-VIEW.bnf	create	p2_done	create_parser_visible_surface	Parse	nodes.CreateAnalyticViewStmt	parser_visible_surface_structured; semantics remain out of scope			semantic_catalog_execution_out_of_scope_after_p2_ast	oracle/parser/modern_feature_p2_test.go::TestP2ModernFeaturePositive	oracle/parser/modern_feature_p2_test.go::TestP2ModernFeatureNegative	oracle/parser/modern_feature_p2_test.go::TestP2ModernFeatureLoc	local_structure_tests_only
CREATE-ATTRIBUTE-DIMENSION.bnf	create	p2_done	create_parser_visible_surface	Parse	nodes.CreateAttributeDimensionStmt	parser_visible_surface_structured; semantics remain out of scope			semantic_catalog_execution_out_of_scope_after_p2_ast	oracle/parser/modern_feature_p2_test.go::TestP2ModernFeaturePositive	oracle/parser/modern_feature_p2_test.go::TestP2ModernFeatureNegative	oracle/parser/modern_feature_p2_test.go::TestP2ModernFeatureLoc	local_structure_tests_only
CREATE-AUDIT-POLICY-Unified-Auditing.bnf	create	p2_done	create_parser_visible_surface	Parse	nodes.StmtNode	parser_visible_surface_structured; semantics remain out of scope			semantic_catalog_execution_out_of_scope_after_p2_ast	oracle/parser/p2_completion_matrix_test.go::TestP2CompletionPositive	oracle/parser/p2_completion_matrix_test.go::TestP2CompletionNegative	oracle/parser/p2_completion_matrix_test.go::TestP2CompletionLoc	local_structure_tests_only
CREATE-CLUSTER.bnf	create	p2_done	create_parser_visible_surface	Parse	nodes.StmtNode	parser_visible_surface_structured; semantics remain out of scope			semantic_catalog_execution_out_of_scope_after_p2_ast	oracle/parser/p2_completion_matrix_test.go::TestP2CompletionPositive	oracle/parser/p2_completion_matrix_test.go::TestP2CompletionNegative	oracle/parser/p2_completion_matrix_test.go::TestP2CompletionLoc	local_structure_tests_only
CREATE-CONTEXT.bnf	create	p2_done	create_parser_visible_surface	Parse	nodes.StmtNode	parser_visible_surface_structured; semantics remain out of scope			semantic_catalog_execution_out_of_scope_after_p2_ast	oracle/parser/p2_completion_matrix_test.go::TestP2CompletionPositive	oracle/parser/p2_completion_matrix_test.go::TestP2CompletionNegative	oracle/parser/p2_completion_matrix_test.go::TestP2CompletionLoc	local_structure_tests_only
CREATE-CONTROLFILE.bnf	create	p2_done	catalog_admin_statement_and_option_surface	Parse	nodes.AdminDDLStmt	parser_visible_surface_structured; semantics remain catalog			catalog_semantics_out_of_scope_after_p2_ast	oracle/parser/create_admin_catalog_p2_test.go::TestP2CatalogAdminPositive	oracle/parser/create_admin_catalog_p2_test.go::TestP2CatalogAdminNegative	oracle/parser/create_admin_catalog_p2_test.go::TestP2CatalogAdminLoc	local_structure_tests_only
CREATE-DATABASE-LINK.bnf	create	p2_done	catalog_admin_statement_and_option_surface	Parse	nodes.CreateDatabaseLinkStmt	parser_visible_surface_structured; semantics remain catalog			catalog_semantics_out_of_scope_after_p2_ast	oracle/parser/create_admin_catalog_p2_test.go::TestP2CatalogAdminPositive	oracle/parser/create_admin_catalog_p2_test.go::TestP2CatalogAdminNegative	oracle/parser/create_admin_catalog_p2_test.go::TestP2CatalogAdminLoc	local_structure_tests_only
CREATE-DATABASE.bnf	create	p2_done	catalog_admin_statement_and_option_surface	Parse	nodes.AdminDDLStmt	parser_visible_surface_structured; semantics remain catalog			catalog_semantics_out_of_scope_after_p2_ast	oracle/parser/create_admin_catalog_p2_test.go::TestP2CatalogAdminPositive	oracle/parser/create_admin_catalog_p2_test.go::TestP2CatalogAdminNegative	oracle/parser/create_admin_catalog_p2_test.go::TestP2CatalogAdminLoc	local_structure_tests_only
CREATE-DIMENSION.bnf	create	p2_done	create_parser_visible_surface	Parse	nodes.CreateDimensionStmt	parser_visible_surface_structured; semantics remain out of scope			semantic_catalog_execution_out_of_scope_after_p2_ast	oracle/parser/modern_feature_p2_test.go::TestP2ModernFeaturePositive	oracle/parser/modern_feature_p2_test.go::TestP2ModernFeatureNegative	oracle/parser/modern_feature_p2_test.go::TestP2ModernFeatureLoc	local_structure_tests_only
CREATE-DIRECTORY.bnf	create	p2_done	create_parser_visible_surface	Parse	nodes.StmtNode	parser_visible_surface_structured; semantics remain out of scope			semantic_catalog_execution_out_of_scope_after_p2_ast	oracle/parser/p2_completion_matrix_test.go::TestP2CompletionPositive	oracle/parser/p2_completion_matrix_test.go::TestP2CompletionNegative	oracle/parser/p2_completion_matrix_test.go::TestP2CompletionLoc	local_structure_tests_only
CREATE-DISKGROUP.bnf	create	p2_done	catalog_admin_statement_and_option_surface	Parse	nodes.AdminDDLStmt	parser_visible_surface_structured; semantics remain catalog			catalog_semantics_out_of_scope_after_p2_ast	oracle/parser/create_admin_catalog_p2_test.go::TestP2CatalogAdminPositive	oracle/parser/create_admin_catalog_p2_test.go::TestP2CatalogAdminNegative	oracle/parser/create_admin_catalog_p2_test.go::TestP2CatalogAdminLoc	local_structure_tests_only
CREATE-EDITION.bnf	create	p2_done	create_parser_visible_surface	Parse	nodes.StmtNode	parser_visible_surface_structured; semantics remain out of scope			semantic_catalog_execution_out_of_scope_after_p2_ast	oracle/parser/p2_completion_matrix_test.go::TestP2CompletionPositive	oracle/parser/p2_completion_matrix_test.go::TestP2CompletionNegative	oracle/parser/p2_completion_matrix_test.go::TestP2CompletionLoc	local_structure_tests_only
CREATE-FLASHBACK-ARCHIVE.bnf	create	p2_done	create_parser_visible_surface	Parse	nodes.StmtNode	parser_visible_surface_structured; semantics remain out of scope			semantic_catalog_execution_out_of_scope_after_p2_ast	oracle/parser/p2_completion_matrix_test.go::TestP2CompletionPositive	oracle/parser/p2_completion_matrix_test.go::TestP2CompletionNegative	oracle/parser/p2_completion_matrix_test.go::TestP2CompletionLoc	local_structure_tests_only
CREATE-FUNCTION.bnf	create	p2_done	create_parser_visible_surface	Parse	nodes.StmtNode	parser_visible_surface_structured; semantics remain out of scope			semantic_catalog_execution_out_of_scope_after_p2_ast	oracle/parser/p2_completion_matrix_test.go::TestP2CompletionPositive	oracle/parser/p2_completion_matrix_test.go::TestP2CompletionNegative	oracle/parser/p2_completion_matrix_test.go::TestP2CompletionLoc	local_structure_tests_only
CREATE-HIERARCHY.bnf	create	p2_done	create_parser_visible_surface	Parse	nodes.CreateHierarchyStmt	parser_visible_surface_structured; semantics remain out of scope			semantic_catalog_execution_out_of_scope_after_p2_ast	oracle/parser/modern_feature_p2_test.go::TestP2ModernFeaturePositive	oracle/parser/modern_feature_p2_test.go::TestP2ModernFeatureNegative	oracle/parser/modern_feature_p2_test.go::TestP2ModernFeatureLoc	local_structure_tests_only
CREATE-INDEX.bnf	create	p2_done	create_index_attribute_and_option_surface	Parse	nodes.CreateIndexStmt	parser_visible_surface_structured; semantics remain out of scope			semantic_catalog_execution_out_of_scope_after_p2_ast	oracle/parser/p2_completion_matrix_test.go::TestP2CompletionPositive	oracle/parser/p2_completion_matrix_test.go::TestP2CompletionNegative	oracle/parser/p2_completion_matrix_test.go::TestP2CompletionLoc	local_structure_tests_only
CREATE-INDEXTYPE.bnf	create	p2_done	create_parser_visible_surface	Parse	nodes.StmtNode	parser_visible_surface_structured; semantics remain out of scope			semantic_catalog_execution_out_of_scope_after_p2_ast	oracle/parser/p2_completion_matrix_test.go::TestP2CompletionPositive	oracle/parser/p2_completion_matrix_test.go::TestP2CompletionNegative	oracle/parser/p2_completion_matrix_test.go::TestP2CompletionLoc	local_structure_tests_only
CREATE-INMEMORY-JOIN-GROUP.bnf	create	p2_done	create_parser_visible_surface	Parse	nodes.CreateInmemoryJoinGroupStmt	parser_visible_surface_structured; semantics remain out of scope			semantic_catalog_execution_out_of_scope_after_p2_ast	oracle/parser/modern_feature_p2_test.go::TestP2ModernFeaturePositive	oracle/parser/modern_feature_p2_test.go::TestP2ModernFeatureNegative	oracle/parser/modern_feature_p2_test.go::TestP2ModernFeatureLoc	local_structure_tests_only
CREATE-JAVA.bnf	create	p2_done	create_parser_visible_surface	Parse	nodes.AdminDDLStmt	parser_visible_surface_structured; semantics remain out of scope			semantic_catalog_execution_out_of_scope_after_p2_ast	oracle/parser/modern_feature_p2_test.go::TestP2ModernFeaturePositive	oracle/parser/modern_feature_p2_test.go::TestP2ModernFeatureNegative	oracle/parser/modern_feature_p2_test.go::TestP2ModernFeatureLoc	local_structure_tests_only
CREATE-LIBRARY.bnf	create	p2_done	create_parser_visible_surface	Parse	nodes.AdminDDLStmt	parser_visible_surface_structured; semantics remain out of scope			semantic_catalog_execution_out_of_scope_after_p2_ast	oracle/parser/modern_feature_p2_test.go::TestP2ModernFeaturePositive	oracle/parser/modern_feature_p2_test.go::TestP2ModernFeatureNegative	oracle/parser/modern_feature_p2_test.go::TestP2ModernFeatureLoc	local_structure_tests_only
CREATE-LOCKDOWN-PROFILE.bnf	create	p2_done	create_parser_visible_surface	Parse	nodes.CreateLockdownProfileStmt	parser_visible_surface_structured; semantics remain out of scope			semantic_catalog_execution_out_of_scope_after_p2_ast	oracle/parser/modern_feature_p2_test.go::TestP2ModernFeaturePositive	oracle/parser/modern_feature_p2_test.go::TestP2ModernFeatureNegative	oracle/parser/modern_feature_p2_test.go::TestP2ModernFeatureLoc	local_structure_tests_only
CREATE-MATERIALIZED-VIEW-LOG.bnf	create	p2_done	create_parser_visible_surface	Parse	nodes.StmtNode	parser_visible_surface_structured; semantics remain out of scope			semantic_catalog_execution_out_of_scope_after_p2_ast	oracle/parser/p2_completion_matrix_test.go::TestP2CompletionPositive	oracle/parser/p2_completion_matrix_test.go::TestP2CompletionNegative	oracle/parser/p2_completion_matrix_test.go::TestP2CompletionLoc	local_structure_tests_only
CREATE-MATERIALIZED-VIEW.bnf	create	p2_done	create_parser_visible_surface	Parse	nodes.StmtNode	parser_visible_surface_structured; semantics remain out of scope			semantic_catalog_execution_out_of_scope_after_p2_ast	oracle/parser/p2_completion_matrix_test.go::TestP2CompletionPositive	oracle/parser/p2_completion_matrix_test.go::TestP2CompletionNegative	oracle/parser/p2_completion_matrix_test.go::TestP2CompletionLoc	local_structure_tests_only
CREATE-MATERIALIZED-ZONEMAP.bnf	create	p2_done	create_parser_visible_surface	Parse	nodes.CreateMaterializedZonemapStmt	parser_visible_surface_structured; semantics remain out of scope			semantic_catalog_execution_out_of_scope_after_p2_ast	oracle/parser/modern_feature_p2_test.go::TestP2ModernFeaturePositive	oracle/parser/modern_feature_p2_test.go::TestP2ModernFeatureNegative	oracle/parser/modern_feature_p2_test.go::TestP2ModernFeatureLoc	local_structure_tests_only
CREATE-OPERATOR.bnf	create	p2_done	create_parser_visible_surface	Parse	nodes.CreateOperatorStmt	parser_visible_surface_structured; semantics remain out of scope			semantic_catalog_execution_out_of_scope_after_p2_ast	oracle/parser/modern_feature_p2_test.go::TestP2ModernFeaturePositive	oracle/parser/modern_feature_p2_test.go::TestP2ModernFeatureNegative	oracle/parser/modern_feature_p2_test.go::TestP2ModernFeatureLoc	local_structure_tests_only
CREATE-OUTLINE.bnf	create	p2_done	create_parser_visible_surface	Parse	nodes.CreateOutlineStmt	parser_visible_surface_structured; semantics remain out of scope			semantic_catalog_execution_out_of_scope_after_p2_ast	oracle/parser/modern_feature_p2_test.go::TestP2ModernFeaturePositive	oracle/parser/modern_feature_p2_test.go::TestP2ModernFeatureNegative	oracle/parser/modern_feature_p2_test.go::TestP2ModernFeatureLoc	local_structure_tests_only
CREATE-PACKAGE-BODY.bnf	create	p2_done	create_parser_visible_surface	Parse	nodes.StmtNode	parser_visible_surface_structured; semantics remain out of scope			semantic_catalog_execution_out_of_scope_after_p2_ast	oracle/parser/p2_completion_matrix_test.go::TestP2CompletionPositive	oracle/parser/p2_completion_matrix_test.go::TestP2CompletionNegative	oracle/parser/p2_completion_matrix_test.go::TestP2CompletionLoc	local_structure_tests_only
CREATE-PACKAGE.bnf	create	p2_done	create_parser_visible_surface	Parse	nodes.StmtNode	parser_visible_surface_structured; semantics remain out of scope			semantic_catalog_execution_out_of_scope_after_p2_ast	oracle/parser/p2_completion_matrix_test.go::TestP2CompletionPositive	oracle/parser/p2_completion_matrix_test.go::TestP2CompletionNegative	oracle/parser/p2_completion_matrix_test.go::TestP2CompletionLoc	local_structure_tests_only
CREATE-PFILE.bnf	create	p2_done	catalog_admin_statement_and_option_surface	Parse	nodes.AdminDDLStmt	parser_visible_surface_structured; semantics remain catalog			catalog_semantics_out_of_scope_after_p2_ast	oracle/parser/create_admin_catalog_p2_test.go::TestP2CatalogAdminPositive	oracle/parser/create_admin_catalog_p2_test.go::TestP2CatalogAdminNegative	oracle/parser/create_admin_catalog_p2_test.go::TestP2CatalogAdminLoc	local_structure_tests_only
CREATE-PLUGGABLE-DATABASE.bnf	create	p2_done	catalog_admin_statement_and_option_surface	Parse	nodes.AdminDDLStmt	parser_visible_surface_structured; semantics remain catalog			catalog_semantics_out_of_scope_after_p2_ast	oracle/parser/create_admin_catalog_p2_test.go::TestP2CatalogAdminPositive	oracle/parser/create_admin_catalog_p2_test.go::TestP2CatalogAdminNegative	oracle/parser/create_admin_catalog_p2_test.go::TestP2CatalogAdminLoc	local_structure_tests_only
CREATE-PROCEDURE.bnf	create	p2_done	create_parser_visible_surface	Parse	nodes.StmtNode	parser_visible_surface_structured; semantics remain out of scope			semantic_catalog_execution_out_of_scope_after_p2_ast	oracle/parser/p2_completion_matrix_test.go::TestP2CompletionPositive	oracle/parser/p2_completion_matrix_test.go::TestP2CompletionNegative	oracle/parser/p2_completion_matrix_test.go::TestP2CompletionLoc	local_structure_tests_only
CREATE-PROFILE.bnf	create	p2_done	create_parser_visible_surface	Parse	nodes.StmtNode	parser_visible_surface_structured; semantics remain out of scope			semantic_catalog_execution_out_of_scope_after_p2_ast	oracle/parser/p2_completion_matrix_test.go::TestP2CompletionPositive	oracle/parser/p2_completion_matrix_test.go::TestP2CompletionNegative	oracle/parser/p2_completion_matrix_test.go::TestP2CompletionLoc	local_structure_tests_only
CREATE-RESTORE-POINT.bnf	create	p2_done	catalog_admin_statement_and_option_surface	Parse	nodes.AdminDDLStmt	parser_visible_surface_structured; semantics remain catalog			catalog_semantics_out_of_scope_after_p2_ast	oracle/parser/create_admin_catalog_p2_test.go::TestP2CatalogAdminPositive	oracle/parser/create_admin_catalog_p2_test.go::TestP2CatalogAdminNegative	oracle/parser/create_admin_catalog_p2_test.go::TestP2CatalogAdminLoc	local_structure_tests_only
CREATE-ROLE.bnf	create	p2_done	create_parser_visible_surface	Parse	nodes.StmtNode	parser_visible_surface_structured; semantics remain out of scope			semantic_catalog_execution_out_of_scope_after_p2_ast	oracle/parser/p2_completion_matrix_test.go::TestP2CompletionPositive	oracle/parser/p2_completion_matrix_test.go::TestP2CompletionNegative	oracle/parser/p2_completion_matrix_test.go::TestP2CompletionLoc	local_structure_tests_only
CREATE-ROLLBACK-SEGMENT.bnf	create	p2_done	create_parser_visible_surface	Parse	nodes.StmtNode	parser_visible_surface_structured; semantics remain out of scope			semantic_catalog_execution_out_of_scope_after_p2_ast	oracle/parser/p2_completion_matrix_test.go::TestP2CompletionPositive	oracle/parser/p2_completion_matrix_test.go::TestP2CompletionNegative	oracle/parser/p2_completion_matrix_test.go::TestP2CompletionLoc	local_structure_tests_only
CREATE-SCHEMA.bnf	create	p2_done	create_parser_visible_surface	Parse	nodes.StmtNode	parser_visible_surface_structured; semantics remain out of scope			semantic_catalog_execution_out_of_scope_after_p2_ast	oracle/parser/p2_completion_matrix_test.go::TestP2CompletionPositive	oracle/parser/p2_completion_matrix_test.go::TestP2CompletionNegative	oracle/parser/p2_completion_matrix_test.go::TestP2CompletionLoc	local_structure_tests_only
CREATE-SEQUENCE.bnf	create	p2_done	create_parser_visible_surface	Parse	nodes.StmtNode	parser_visible_surface_structured; semantics remain out of scope			semantic_catalog_execution_out_of_scope_after_p2_ast	oracle/parser/p2_completion_matrix_test.go::TestP2CompletionPositive	oracle/parser/p2_completion_matrix_test.go::TestP2CompletionNegative	oracle/parser/p2_completion_matrix_test.go::TestP2CompletionLoc	local_structure_tests_only
CREATE-SPFILE.bnf	create	p2_done	catalog_admin_statement_and_option_surface	Parse	nodes.AdminDDLStmt	parser_visible_surface_structured; semantics remain catalog			catalog_semantics_out_of_scope_after_p2_ast	oracle/parser/create_admin_catalog_p2_test.go::TestP2CatalogAdminPositive	oracle/parser/create_admin_catalog_p2_test.go::TestP2CatalogAdminNegative	oracle/parser/create_admin_catalog_p2_test.go::TestP2CatalogAdminLoc	local_structure_tests_only
CREATE-SYNONYM.bnf	create	p2_done	create_parser_visible_surface	Parse	nodes.StmtNode	parser_visible_surface_structured; semantics remain out of scope			semantic_catalog_execution_out_of_scope_after_p2_ast	oracle/parser/p2_completion_matrix_test.go::TestP2CompletionPositive	oracle/parser/p2_completion_matrix_test.go::TestP2CompletionNegative	oracle/parser/p2_completion_matrix_test.go::TestP2CompletionLoc	local_structure_tests_only
CREATE-TABLE.bnf	create	p2_done	create_table_option_surface	Parse	nodes.CreateTableStmt	parser_visible_surface_structured; semantics remain out of scope			semantic_catalog_execution_out_of_scope_after_p2_ast	oracle/parser/p2_completion_matrix_test.go::TestP2CompletionPositive	oracle/parser/p2_completion_matrix_test.go::TestP2CompletionNegative	oracle/parser/p2_completion_matrix_test.go::TestP2CompletionLoc	local_structure_tests_only
CREATE-TABLESPACE-SET.bnf	create	p2_done	catalog_admin_statement_and_option_surface	Parse	nodes.AdminDDLStmt	parser_visible_surface_structured; semantics remain catalog			catalog_semantics_out_of_scope_after_p2_ast	oracle/parser/create_admin_catalog_p2_test.go::TestP2CatalogAdminPositive	oracle/parser/create_admin_catalog_p2_test.go::TestP2CatalogAdminNegative	oracle/parser/create_admin_catalog_p2_test.go::TestP2CatalogAdminLoc	local_structure_tests_only
CREATE-TABLESPACE.bnf	create	p2_done	catalog_admin_statement_and_option_surface	Parse	nodes.AdminDDLStmt	parser_visible_surface_structured; semantics remain catalog			catalog_semantics_out_of_scope_after_p2_ast	oracle/parser/create_admin_catalog_p2_test.go::TestP2CatalogAdminPositive	oracle/parser/create_admin_catalog_p2_test.go::TestP2CatalogAdminNegative	oracle/parser/create_admin_catalog_p2_test.go::TestP2CatalogAdminLoc	local_structure_tests_only
CREATE-TRIGGER.bnf	create	p2_done	create_parser_visible_surface	Parse	nodes.StmtNode	parser_visible_surface_structured; semantics remain out of scope			semantic_catalog_execution_out_of_scope_after_p2_ast	oracle/parser/p2_completion_matrix_test.go::TestP2CompletionPositive	oracle/parser/p2_completion_matrix_test.go::TestP2CompletionNegative	oracle/parser/p2_completion_matrix_test.go::TestP2CompletionLoc	local_structure_tests_only
CREATE-TYPE-BODY.bnf	create	p2_done	create_type_body_member_and_plsql_block_surface	Parse	nodes.CreateTypeStmt	parser_visible_type_body_members_structured; semantics remain out of scope			plsql_semantics_out_of_scope_after_p2_ast	oracle/parser/create_type_test.go::TestP2CreateTypeBodyMemberStructure	oracle/parser/create_type_test.go::TestP2CreateTypeBodyRequiresPLSQLBlock	oracle/parser/create_type_test.go::TestP2CreateTypeBodyLoc	local_structure_tests_only
CREATE-TYPE.bnf	create	p2_done	create_parser_visible_surface	Parse	nodes.StmtNode	parser_visible_surface_structured; semantics remain out of scope			semantic_catalog_execution_out_of_scope_after_p2_ast	oracle/parser/p2_completion_matrix_test.go::TestP2CompletionPositive	oracle/parser/p2_completion_matrix_test.go::TestP2CompletionNegative	oracle/parser/p2_completion_matrix_test.go::TestP2CompletionLoc	local_structure_tests_only
CREATE-USER.bnf	create	p2_done	create_parser_visible_surface	Parse	nodes.StmtNode	parser_visible_surface_structured; semantics remain out of scope			semantic_catalog_execution_out_of_scope_after_p2_ast	oracle/parser/p2_completion_matrix_test.go::TestP2CompletionPositive	oracle/parser/p2_completion_matrix_test.go::TestP2CompletionNegative	oracle/parser/p2_completion_matrix_test.go::TestP2CompletionLoc	local_structure_tests_only
CREATE-VIEW.bnf	create	p2_done	create_parser_visible_surface	Parse	nodes.StmtNode	parser_visible_surface_structured; semantics remain out of scope			semantic_catalog_execution_out_of_scope_after_p2_ast	oracle/parser/p2_completion_matrix_test.go::TestP2CompletionPositive	oracle/parser/p2_completion_matrix_test.go::TestP2CompletionNegative	oracle/parser/p2_completion_matrix_test.go::TestP2CompletionLoc	local_structure_tests_only
DELETE.bnf	delete	p2_done	delete_parser_visible_surface	Parse	nodes.StmtNode	parser_visible_surface_structured; semantics remain out of scope			semantic_catalog_execution_out_of_scope_after_p2_ast	oracle/parser/p2_completion_matrix_test.go::TestP2CompletionPositive	oracle/parser/p2_completion_matrix_test.go::TestP2CompletionNegative	oracle/parser/p2_completion_matrix_test.go::TestP2CompletionLoc	local_structure_tests_only
DISASSOCIATE-STATISTICS.bnf	disassociate	p2_done	disassociate_parser_visible_surface	Parse	nodes.StmtNode	parser_visible_surface_structured; semantics remain out of scope			semantic_catalog_execution_out_of_scope_after_p2_ast	oracle/parser/p2_completion_matrix_test.go::TestP2CompletionPositive	oracle/parser/p2_completion_matrix_test.go::TestP2CompletionNegative	oracle/parser/p2_completion_matrix_test.go::TestP2CompletionLoc	local_structure_tests_only
DROP-ANALYTIC-VIEW.bnf	drop	p2_done	drop_parser_visible_surface	Parse	nodes.DropStmt	parser_visible_surface_structured; semantics remain out of scope			semantic_catalog_execution_out_of_scope_after_p2_ast	oracle/parser/modern_feature_p2_test.go::TestP2ModernFeaturePositive	oracle/parser/modern_feature_p2_test.go::TestP2ModernFeatureNegative	oracle/parser/modern_feature_p2_test.go::TestP2ModernFeatureLoc	local_structure_tests_only
DROP-ATTRIBUTE-DIMENSION.bnf	drop	p2_done	drop_parser_visible_surface	Parse	nodes.DropStmt	parser_visible_surface_structured; semantics remain out of scope			semantic_catalog_execution_out_of_scope_after_p2_ast	oracle/parser/modern_feature_p2_test.go::TestP2ModernFeaturePositive	oracle/parser/modern_feature_p2_test.go::TestP2ModernFeatureNegative	oracle/parser/modern_feature_p2_test.go::TestP2ModernFeatureLoc	local_structure_tests_only
DROP-AUDIT-POLICY-Unified-Auditing.bnf	drop	p2_done	drop_parser_visible_surface	Parse	nodes.StmtNode	parser_visible_surface_structured; semantics remain out of scope			semantic_catalog_execution_out_of_scope_after_p2_ast	oracle/parser/p2_completion_matrix_test.go::TestP2CompletionPositive	oracle/parser/p2_completion_matrix_test.go::TestP2CompletionNegative	oracle/parser/p2_completion_matrix_test.go::TestP2CompletionLoc	local_structure_tests_only
DROP-CLUSTER.bnf	drop	p2_done	drop_parser_visible_surface	Parse	nodes.StmtNode	parser_visible_surface_structured; semantics remain out of scope			semantic_catalog_execution_out_of_scope_after_p2_ast	oracle/parser/p2_completion_matrix_test.go::TestP2CompletionPositive	oracle/parser/p2_completion_matrix_test.go::TestP2CompletionNegative	oracle/parser/p2_completion_matrix_test.go::TestP2CompletionLoc	local_structure_tests_only
DROP-CONTEXT.bnf	drop	p2_done	drop_parser_visible_surface	Parse	nodes.StmtNode	parser_visible_surface_structured; semantics remain out of scope			semantic_catalog_execution_out_of_scope_after_p2_ast	oracle/parser/p2_completion_matrix_test.go::TestP2CompletionPositive	oracle/parser/p2_completion_matrix_test.go::TestP2CompletionNegative	oracle/parser/p2_completion_matrix_test.go::TestP2CompletionLoc	local_structure_tests_only
DROP-DATABASE-LINK.bnf	drop	p2_done	catalog_admin_statement_and_option_surface	Parse	nodes.AdminDDLStmt	parser_visible_surface_structured; semantics remain catalog			catalog_semantics_out_of_scope_after_p2_ast	oracle/parser/create_admin_catalog_p2_test.go::TestP2CatalogAdminPositive	oracle/parser/create_admin_catalog_p2_test.go::TestP2CatalogAdminNegative	oracle/parser/create_admin_catalog_p2_test.go::TestP2CatalogAdminLoc	local_structure_tests_only
DROP-DATABASE.bnf	drop	p2_done	catalog_admin_statement_and_option_surface	Parse	nodes.AdminDDLStmt	parser_visible_surface_structured; semantics remain catalog			catalog_semantics_out_of_scope_after_p2_ast	oracle/parser/create_admin_catalog_p2_test.go::TestP2CatalogAdminPositive	oracle/parser/create_admin_catalog_p2_test.go::TestP2CatalogAdminNegative	oracle/parser/create_admin_catalog_p2_test.go::TestP2CatalogAdminLoc	local_structure_tests_only
DROP-DIMENSION.bnf	drop	p2_done	drop_parser_visible_surface	Parse	nodes.DropStmt	parser_visible_surface_structured; semantics remain out of scope			semantic_catalog_execution_out_of_scope_after_p2_ast	oracle/parser/modern_feature_p2_test.go::TestP2ModernFeaturePositive	oracle/parser/modern_feature_p2_test.go::TestP2ModernFeatureNegative	oracle/parser/modern_feature_p2_test.go::TestP2ModernFeatureLoc	local_structure_tests_only
DROP-DIRECTORY.bnf	drop	p2_done	drop_parser_visible_surface	Parse	nodes.StmtNode	parser_visible_surface_structured; semantics remain out of scope			semantic_catalog_execution_out_of_scope_after_p2_ast	oracle/parser/p2_completion_matrix_test.go::TestP2CompletionPositive	oracle/parser/p2_completion_matrix_test.go::TestP2CompletionNegative	oracle/parser/p2_completion_matrix_test.go::TestP2CompletionLoc	local_structure_tests_only
DROP-DISKGROUP.bnf	drop	p2_done	catalog_admin_statement_and_option_surface	Parse	nodes.AdminDDLStmt	parser_visible_surface_structured; semantics remain catalog			catalog_semantics_out_of_scope_after_p2_ast	oracle/parser/create_admin_catalog_p2_test.go::TestP2CatalogAdminPositive	oracle/parser/create_admin_catalog_p2_test.go::TestP2CatalogAdminNegative	oracle/parser/create_admin_catalog_p2_test.go::TestP2CatalogAdminLoc	local_structure_tests_only
DROP-EDITION.bnf	drop	p2_done	drop_parser_visible_surface	Parse	nodes.StmtNode	parser_visible_surface_structured; semantics remain out of scope			semantic_catalog_execution_out_of_scope_after_p2_ast	oracle/parser/p2_completion_matrix_test.go::TestP2CompletionPositive	oracle/parser/p2_completion_matrix_test.go::TestP2CompletionNegative	oracle/parser/p2_completion_matrix_test.go::TestP2CompletionLoc	local_structure_tests_only
DROP-FLASHBACK-ARCHIVE.bnf	drop	p2_done	drop_parser_visible_surface	Parse	nodes.StmtNode	parser_visible_surface_structured; semantics remain out of scope			semantic_catalog_execution_out_of_scope_after_p2_ast	oracle/parser/p2_completion_matrix_test.go::TestP2CompletionPositive	oracle/parser/p2_completion_matrix_test.go::TestP2CompletionNegative	oracle/parser/p2_completion_matrix_test.go::TestP2CompletionLoc	local_structure_tests_only
DROP-FUNCTION.bnf	drop	p2_done	drop_parser_visible_surface	Parse	nodes.StmtNode	parser_visible_surface_structured; semantics remain out of scope			semantic_catalog_execution_out_of_scope_after_p2_ast	oracle/parser/p2_completion_matrix_test.go::TestP2CompletionPositive	oracle/parser/p2_completion_matrix_test.go::TestP2CompletionNegative	oracle/parser/p2_completion_matrix_test.go::TestP2CompletionLoc	local_structure_tests_only
DROP-HIERARCHY.bnf	drop	p2_done	drop_parser_visible_surface	Parse	nodes.DropStmt	parser_visible_surface_structured; semantics remain out of scope			semantic_catalog_execution_out_of_scope_after_p2_ast	oracle/parser/modern_feature_p2_test.go::TestP2ModernFeaturePositive	oracle/parser/modern_feature_p2_test.go::TestP2ModernFeatureNegative	oracle/parser/modern_feature_p2_test.go::TestP2ModernFeatureLoc	local_structure_tests_only
DROP-INDEX.bnf	drop	p2_done	drop_parser_visible_surface	Parse	nodes.StmtNode	parser_visible_surface_structured; semantics remain out of scope			semantic_catalog_execution_out_of_scope_after_p2_ast	oracle/parser/p2_completion_matrix_test.go::TestP2CompletionPositive	oracle/parser/p2_completion_matrix_test.go::TestP2CompletionNegative	oracle/parser/p2_completion_matrix_test.go::TestP2CompletionLoc	local_structure_tests_only
DROP-INDEXTYPE.bnf	drop	p2_done	drop_parser_visible_surface	Parse	nodes.DropStmt	parser_visible_surface_structured; semantics remain out of scope			semantic_catalog_execution_out_of_scope_after_p2_ast	oracle/parser/modern_feature_p2_test.go::TestP2ModernFeaturePositive	oracle/parser/modern_feature_p2_test.go::TestP2ModernFeatureNegative	oracle/parser/modern_feature_p2_test.go::TestP2ModernFeatureLoc	local_structure_tests_only
DROP-INMEMORY-JOIN-GROUP.bnf	drop	p2_done	drop_parser_visible_surface	Parse	nodes.DropStmt	parser_visible_surface_structured; semantics remain out of scope			semantic_catalog_execution_out_of_scope_after_p2_ast	oracle/parser/modern_feature_p2_test.go::TestP2ModernFeaturePositive	oracle/parser/modern_feature_p2_test.go::TestP2ModernFeatureNegative	oracle/parser/modern_feature_p2_test.go::TestP2ModernFeatureLoc	local_structure_tests_only
DROP-JAVA.bnf	drop	p2_done	drop_parser_visible_surface	Parse	nodes.DropStmt	parser_visible_surface_structured; semantics remain out of scope			semantic_catalog_execution_out_of_scope_after_p2_ast	oracle/parser/modern_feature_p2_test.go::TestP2ModernFeaturePositive	oracle/parser/modern_feature_p2_test.go::TestP2ModernFeatureNegative	oracle/parser/modern_feature_p2_test.go::TestP2ModernFeatureLoc	local_structure_tests_only
DROP-LIBRARY.bnf	drop	p2_done	drop_parser_visible_surface	Parse	nodes.DropStmt	parser_visible_surface_structured; semantics remain out of scope			semantic_catalog_execution_out_of_scope_after_p2_ast	oracle/parser/modern_feature_p2_test.go::TestP2ModernFeaturePositive	oracle/parser/modern_feature_p2_test.go::TestP2ModernFeatureNegative	oracle/parser/modern_feature_p2_test.go::TestP2ModernFeatureLoc	local_structure_tests_only
DROP-LOCKDOWN-PROFILE.bnf	drop	p2_done	drop_parser_visible_surface	Parse	nodes.DropStmt	parser_visible_surface_structured; semantics remain out of scope			semantic_catalog_execution_out_of_scope_after_p2_ast	oracle/parser/modern_feature_p2_test.go::TestP2ModernFeaturePositive	oracle/parser/modern_feature_p2_test.go::TestP2ModernFeatureNegative	oracle/parser/modern_feature_p2_test.go::TestP2ModernFeatureLoc	local_structure_tests_only
DROP-MATERIALIZED-VIEW-LOG.bnf	drop	p2_done	drop_parser_visible_surface	Parse	nodes.StmtNode	parser_visible_surface_structured; semantics remain out of scope			semantic_catalog_execution_out_of_scope_after_p2_ast	oracle/parser/p2_completion_matrix_test.go::TestP2CompletionPositive	oracle/parser/p2_completion_matrix_test.go::TestP2CompletionNegative	oracle/parser/p2_completion_matrix_test.go::TestP2CompletionLoc	local_structure_tests_only
DROP-MATERIALIZED-VIEW.bnf	drop	p2_done	drop_parser_visible_surface	Parse	nodes.StmtNode	parser_visible_surface_structured; semantics remain out of scope			semantic_catalog_execution_out_of_scope_after_p2_ast	oracle/parser/p2_completion_matrix_test.go::TestP2CompletionPositive	oracle/parser/p2_completion_matrix_test.go::TestP2CompletionNegative	oracle/parser/p2_completion_matrix_test.go::TestP2CompletionLoc	local_structure_tests_only
DROP-MATERIALIZED-ZONEMAP.bnf	drop	p2_done	drop_parser_visible_surface	Parse	nodes.DropStmt	parser_visible_surface_structured; semantics remain out of scope			semantic_catalog_execution_out_of_scope_after_p2_ast	oracle/parser/modern_feature_p2_test.go::TestP2ModernFeaturePositive	oracle/parser/modern_feature_p2_test.go::TestP2ModernFeatureNegative	oracle/parser/modern_feature_p2_test.go::TestP2ModernFeatureLoc	local_structure_tests_only
DROP-OPERATOR.bnf	drop	p2_done	drop_parser_visible_surface	Parse	nodes.DropStmt	parser_visible_surface_structured; semantics remain out of scope			semantic_catalog_execution_out_of_scope_after_p2_ast	oracle/parser/modern_feature_p2_test.go::TestP2ModernFeaturePositive	oracle/parser/modern_feature_p2_test.go::TestP2ModernFeatureNegative	oracle/parser/modern_feature_p2_test.go::TestP2ModernFeatureLoc	local_structure_tests_only
DROP-OUTLINE.bnf	drop	p2_done	drop_parser_visible_surface	Parse	nodes.DropStmt	parser_visible_surface_structured; semantics remain out of scope			semantic_catalog_execution_out_of_scope_after_p2_ast	oracle/parser/modern_feature_p2_test.go::TestP2ModernFeaturePositive	oracle/parser/modern_feature_p2_test.go::TestP2ModernFeatureNegative	oracle/parser/modern_feature_p2_test.go::TestP2ModernFeatureLoc	local_structure_tests_only
DROP-PACKAGE.bnf	drop	p2_done	drop_parser_visible_surface	Parse	nodes.StmtNode	parser_visible_surface_structured; semantics remain out of scope			semantic_catalog_execution_out_of_scope_after_p2_ast	oracle/parser/p2_completion_matrix_test.go::TestP2CompletionPositive	oracle/parser/p2_completion_matrix_test.go::TestP2CompletionNegative	oracle/parser/p2_completion_matrix_test.go::TestP2CompletionLoc	local_structure_tests_only
DROP-PLUGGABLE-DATABASE.bnf	drop	p2_done	catalog_admin_statement_and_option_surface	Parse	nodes.AdminDDLStmt	parser_visible_surface_structured; semantics remain catalog			catalog_semantics_out_of_scope_after_p2_ast	oracle/parser/create_admin_catalog_p2_test.go::TestP2CatalogAdminPositive	oracle/parser/create_admin_catalog_p2_test.go::TestP2CatalogAdminNegative	oracle/parser/create_admin_catalog_p2_test.go::TestP2CatalogAdminLoc	local_structure_tests_only
DROP-PROCEDURE.bnf	drop	p2_done	drop_parser_visible_surface	Parse	nodes.StmtNode	parser_visible_surface_structured; semantics remain out of scope			semantic_catalog_execution_out_of_scope_after_p2_ast	oracle/parser/p2_completion_matrix_test.go::TestP2CompletionPositive	oracle/parser/p2_completion_matrix_test.go::TestP2CompletionNegative	oracle/parser/p2_completion_matrix_test.go::TestP2CompletionLoc	local_structure_tests_only
DROP-PROFILE.bnf	drop	p2_done	drop_parser_visible_surface	Parse	nodes.StmtNode	parser_visible_surface_structured; semantics remain out of scope			semantic_catalog_execution_out_of_scope_after_p2_ast	oracle/parser/p2_completion_matrix_test.go::TestP2CompletionPositive	oracle/parser/p2_completion_matrix_test.go::TestP2CompletionNegative	oracle/parser/p2_completion_matrix_test.go::TestP2CompletionLoc	local_structure_tests_only
DROP-RESTORE-POINT.bnf	drop	p2_done	catalog_admin_statement_and_option_surface	Parse	nodes.AdminDDLStmt	parser_visible_surface_structured; semantics remain catalog			catalog_semantics_out_of_scope_after_p2_ast	oracle/parser/create_admin_catalog_p2_test.go::TestP2CatalogAdminPositive	oracle/parser/create_admin_catalog_p2_test.go::TestP2CatalogAdminNegative	oracle/parser/create_admin_catalog_p2_test.go::TestP2CatalogAdminLoc	local_structure_tests_only
DROP-ROLE.bnf	drop	p2_done	drop_parser_visible_surface	Parse	nodes.StmtNode	parser_visible_surface_structured; semantics remain out of scope			semantic_catalog_execution_out_of_scope_after_p2_ast	oracle/parser/p2_completion_matrix_test.go::TestP2CompletionPositive	oracle/parser/p2_completion_matrix_test.go::TestP2CompletionNegative	oracle/parser/p2_completion_matrix_test.go::TestP2CompletionLoc	local_structure_tests_only
DROP-ROLLBACK-SEGMENT.bnf	drop	p2_done	drop_parser_visible_surface	Parse	nodes.StmtNode	parser_visible_surface_structured; semantics remain out of scope			semantic_catalog_execution_out_of_scope_after_p2_ast	oracle/parser/p2_completion_matrix_test.go::TestP2CompletionPositive	oracle/parser/p2_completion_matrix_test.go::TestP2CompletionNegative	oracle/parser/p2_completion_matrix_test.go::TestP2CompletionLoc	local_structure_tests_only
DROP-SEQUENCE.bnf	drop	p2_done	drop_parser_visible_surface	Parse	nodes.StmtNode	parser_visible_surface_structured; semantics remain out of scope			semantic_catalog_execution_out_of_scope_after_p2_ast	oracle/parser/p2_completion_matrix_test.go::TestP2CompletionPositive	oracle/parser/p2_completion_matrix_test.go::TestP2CompletionNegative	oracle/parser/p2_completion_matrix_test.go::TestP2CompletionLoc	local_structure_tests_only
DROP-SYNONYM.bnf	drop	p2_done	drop_parser_visible_surface	Parse	nodes.StmtNode	parser_visible_surface_structured; semantics remain out of scope			semantic_catalog_execution_out_of_scope_after_p2_ast	oracle/parser/p2_completion_matrix_test.go::TestP2CompletionPositive	oracle/parser/p2_completion_matrix_test.go::TestP2CompletionNegative	oracle/parser/p2_completion_matrix_test.go::TestP2CompletionLoc	local_structure_tests_only
DROP-TABLE.bnf	drop	p2_done	drop_parser_visible_surface	Parse	nodes.StmtNode	parser_visible_surface_structured; semantics remain out of scope			semantic_catalog_execution_out_of_scope_after_p2_ast	oracle/parser/p2_completion_matrix_test.go::TestP2CompletionPositive	oracle/parser/p2_completion_matrix_test.go::TestP2CompletionNegative	oracle/parser/p2_completion_matrix_test.go::TestP2CompletionLoc	local_structure_tests_only
DROP-TABLESPACE-SET.bnf	drop	p2_done	catalog_admin_statement_and_option_surface	Parse	nodes.AdminDDLStmt	parser_visible_surface_structured; semantics remain catalog			catalog_semantics_out_of_scope_after_p2_ast	oracle/parser/create_admin_catalog_p2_test.go::TestP2CatalogAdminPositive	oracle/parser/create_admin_catalog_p2_test.go::TestP2CatalogAdminNegative	oracle/parser/create_admin_catalog_p2_test.go::TestP2CatalogAdminLoc	local_structure_tests_only
DROP-TABLESPACE.bnf	drop	p2_done	catalog_admin_statement_and_option_surface	Parse	nodes.AdminDDLStmt	parser_visible_surface_structured; semantics remain catalog			catalog_semantics_out_of_scope_after_p2_ast	oracle/parser/create_admin_catalog_p2_test.go::TestP2CatalogAdminPositive	oracle/parser/create_admin_catalog_p2_test.go::TestP2CatalogAdminNegative	oracle/parser/create_admin_catalog_p2_test.go::TestP2CatalogAdminLoc	local_structure_tests_only
DROP-TRIGGER.bnf	drop	p2_done	drop_parser_visible_surface	Parse	nodes.StmtNode	parser_visible_surface_structured; semantics remain out of scope			semantic_catalog_execution_out_of_scope_after_p2_ast	oracle/parser/p2_completion_matrix_test.go::TestP2CompletionPositive	oracle/parser/p2_completion_matrix_test.go::TestP2CompletionNegative	oracle/parser/p2_completion_matrix_test.go::TestP2CompletionLoc	local_structure_tests_only
DROP-TYPE-BODY.bnf	drop	p2_done	drop_parser_visible_surface	Parse	nodes.StmtNode	parser_visible_surface_structured; semantics remain out of scope			semantic_catalog_execution_out_of_scope_after_p2_ast	oracle/parser/p2_completion_matrix_test.go::TestP2CompletionPositive	oracle/parser/p2_completion_matrix_test.go::TestP2CompletionNegative	oracle/parser/p2_completion_matrix_test.go::TestP2CompletionLoc	local_structure_tests_only
DROP-TYPE.bnf	drop	p2_done	drop_parser_visible_surface	Parse	nodes.StmtNode	parser_visible_surface_structured; semantics remain out of scope			semantic_catalog_execution_out_of_scope_after_p2_ast	oracle/parser/p2_completion_matrix_test.go::TestP2CompletionPositive	oracle/parser/p2_completion_matrix_test.go::TestP2CompletionNegative	oracle/parser/p2_completion_matrix_test.go::TestP2CompletionLoc	local_structure_tests_only
DROP-USER.bnf	drop	p2_done	drop_parser_visible_surface	Parse	nodes.StmtNode	parser_visible_surface_structured; semantics remain out of scope			semantic_catalog_execution_out_of_scope_after_p2_ast	oracle/parser/p2_completion_matrix_test.go::TestP2CompletionPositive	oracle/parser/p2_completion_matrix_test.go::TestP2CompletionNegative	oracle/parser/p2_completion_matrix_test.go::TestP2CompletionLoc	local_structure_tests_only
DROP-VIEW.bnf	drop	p2_done	drop_parser_visible_surface	Parse	nodes.StmtNode	parser_visible_surface_structured; semantics remain out of scope			semantic_catalog_execution_out_of_scope_after_p2_ast	oracle/parser/p2_completion_matrix_test.go::TestP2CompletionPositive	oracle/parser/p2_completion_matrix_test.go::TestP2CompletionNegative	oracle/parser/p2_completion_matrix_test.go::TestP2CompletionLoc	local_structure_tests_only
EXPLAIN-PLAN.bnf	explain	p2_done	explain_parser_visible_surface	Parse	nodes.StmtNode	parser_visible_surface_structured; semantics remain out of scope			semantic_catalog_execution_out_of_scope_after_p2_ast	oracle/parser/p2_completion_matrix_test.go::TestP2CompletionPositive	oracle/parser/p2_completion_matrix_test.go::TestP2CompletionNegative	oracle/parser/p2_completion_matrix_test.go::TestP2CompletionLoc	local_structure_tests_only
FLASHBACK-DATABASE.bnf	flashback	p2_done	catalog_admin_statement_and_option_surface	Parse	nodes.FlashbackDatabaseStmt	parser_visible_surface_structured; semantics remain catalog			catalog_semantics_out_of_scope_after_p2_ast	oracle/parser/create_admin_catalog_p2_test.go::TestP2CatalogAdminPositive	oracle/parser/create_admin_catalog_p2_test.go::TestP2CatalogAdminNegative	oracle/parser/create_admin_catalog_p2_test.go::TestP2CatalogAdminLoc	local_structure_tests_only
FLASHBACK-TABLE.bnf	flashback	p2_done	flashback_parser_visible_surface	Parse	nodes.StmtNode	parser_visible_surface_structured; semantics remain out of scope			semantic_catalog_execution_out_of_scope_after_p2_ast	oracle/parser/p2_completion_matrix_test.go::TestP2CompletionPositive	oracle/parser/p2_completion_matrix_test.go::TestP2CompletionNegative	oracle/parser/p2_completion_matrix_test.go::TestP2CompletionLoc	local_structure_tests_only
GRANT.bnf	grant	p2_done	grant_parser_visible_surface	Parse	nodes.StmtNode	parser_visible_surface_structured; semantics remain out of scope			semantic_catalog_execution_out_of_scope_after_p2_ast	oracle/parser/p2_completion_matrix_test.go::TestP2CompletionPositive	oracle/parser/p2_completion_matrix_test.go::TestP2CompletionNegative	oracle/parser/p2_completion_matrix_test.go::TestP2CompletionLoc	local_structure_tests_only
INSERT.bnf	insert	p2_done	insert_parser_visible_surface	Parse	nodes.StmtNode	parser_visible_surface_structured; semantics remain out of scope			semantic_catalog_execution_out_of_scope_after_p2_ast	oracle/parser/p2_completion_matrix_test.go::TestP2CompletionPositive	oracle/parser/p2_completion_matrix_test.go::TestP2CompletionNegative	oracle/parser/p2_completion_matrix_test.go::TestP2CompletionLoc	local_structure_tests_only
LOCK-TABLE.bnf	lock	p2_done	lock_parser_visible_surface	Parse	nodes.StmtNode	parser_visible_surface_structured; semantics remain out of scope			semantic_catalog_execution_out_of_scope_after_p2_ast	oracle/parser/p2_completion_matrix_test.go::TestP2CompletionPositive	oracle/parser/p2_completion_matrix_test.go::TestP2CompletionNegative	oracle/parser/p2_completion_matrix_test.go::TestP2CompletionLoc	local_structure_tests_only
MERGE.bnf	merge	p2_done	merge_parser_visible_surface	Parse	nodes.StmtNode	parser_visible_surface_structured; semantics remain out of scope			semantic_catalog_execution_out_of_scope_after_p2_ast	oracle/parser/p2_completion_matrix_test.go::TestP2CompletionPositive	oracle/parser/p2_completion_matrix_test.go::TestP2CompletionNegative	oracle/parser/p2_completion_matrix_test.go::TestP2CompletionLoc	local_structure_tests_only
NOAUDIT-Traditional-Auditing.bnf	noaudit	p2_done	noaudit_parser_visible_surface	Parse	nodes.StmtNode	parser_visible_surface_structured; semantics remain out of scope			semantic_catalog_execution_out_of_scope_after_p2_ast	oracle/parser/p2_completion_matrix_test.go::TestP2CompletionPositive	oracle/parser/p2_completion_matrix_test.go::TestP2CompletionNegative	oracle/parser/p2_completion_matrix_test.go::TestP2CompletionLoc	local_structure_tests_only
NOAUDIT-Unified-Auditing.bnf	noaudit	p2_done	noaudit_parser_visible_surface	Parse	nodes.StmtNode	parser_visible_surface_structured; semantics remain out of scope			semantic_catalog_execution_out_of_scope_after_p2_ast	oracle/parser/p2_completion_matrix_test.go::TestP2CompletionPositive	oracle/parser/p2_completion_matrix_test.go::TestP2CompletionNegative	oracle/parser/p2_completion_matrix_test.go::TestP2CompletionLoc	local_structure_tests_only
PURGE.bnf	purge	p2_done	purge_parser_visible_surface	Parse	nodes.StmtNode	parser_visible_surface_structured; semantics remain out of scope			semantic_catalog_execution_out_of_scope_after_p2_ast	oracle/parser/p2_completion_matrix_test.go::TestP2CompletionPositive	oracle/parser/p2_completion_matrix_test.go::TestP2CompletionNegative	oracle/parser/p2_completion_matrix_test.go::TestP2CompletionLoc	local_structure_tests_only
RENAME.bnf	rename	p2_done	rename_parser_visible_surface	Parse	nodes.StmtNode	parser_visible_surface_structured; semantics remain out of scope			semantic_catalog_execution_out_of_scope_after_p2_ast	oracle/parser/p2_completion_matrix_test.go::TestP2CompletionPositive	oracle/parser/p2_completion_matrix_test.go::TestP2CompletionNegative	oracle/parser/p2_completion_matrix_test.go::TestP2CompletionLoc	local_structure_tests_only
REVOKE.bnf	revoke	p2_done	revoke_parser_visible_surface	Parse	nodes.StmtNode	parser_visible_surface_structured; semantics remain out of scope			semantic_catalog_execution_out_of_scope_after_p2_ast	oracle/parser/p2_completion_matrix_test.go::TestP2CompletionPositive	oracle/parser/p2_completion_matrix_test.go::TestP2CompletionNegative	oracle/parser/p2_completion_matrix_test.go::TestP2CompletionLoc	local_structure_tests_only
ROLLBACK.bnf	rollback	p2_done	rollback_parser_visible_surface	Parse	nodes.StmtNode	parser_visible_surface_structured; semantics remain out of scope			semantic_catalog_execution_out_of_scope_after_p2_ast	oracle/parser/p2_completion_matrix_test.go::TestP2CompletionPositive	oracle/parser/p2_completion_matrix_test.go::TestP2CompletionNegative	oracle/parser/p2_completion_matrix_test.go::TestP2CompletionLoc	local_structure_tests_only
SAVEPOINT.bnf	savepoint	p2_done	savepoint_parser_visible_surface	Parse	nodes.StmtNode	parser_visible_surface_structured; semantics remain out of scope			semantic_catalog_execution_out_of_scope_after_p2_ast	oracle/parser/p2_completion_matrix_test.go::TestP2CompletionPositive	oracle/parser/p2_completion_matrix_test.go::TestP2CompletionNegative	oracle/parser/p2_completion_matrix_test.go::TestP2CompletionLoc	local_structure_tests_only
SELECT.bnf	select	p2_done	select_parser_visible_surface	Parse	nodes.StmtNode	parser_visible_surface_structured; semantics remain out of scope			semantic_catalog_execution_out_of_scope_after_p2_ast	oracle/parser/p2_completion_matrix_test.go::TestP2CompletionPositive	oracle/parser/p2_completion_matrix_test.go::TestP2CompletionNegative	oracle/parser/p2_completion_matrix_test.go::TestP2CompletionLoc	local_structure_tests_only
SET-CONSTRAINTS.bnf	set	p2_done	set_parser_visible_surface	Parse	nodes.StmtNode	parser_visible_surface_structured; semantics remain out of scope			semantic_catalog_execution_out_of_scope_after_p2_ast	oracle/parser/p2_completion_matrix_test.go::TestP2CompletionPositive	oracle/parser/p2_completion_matrix_test.go::TestP2CompletionNegative	oracle/parser/p2_completion_matrix_test.go::TestP2CompletionLoc	local_structure_tests_only
SET-ROLE.bnf	set	p2_done	set_parser_visible_surface	Parse	nodes.StmtNode	parser_visible_surface_structured; semantics remain out of scope			semantic_catalog_execution_out_of_scope_after_p2_ast	oracle/parser/p2_completion_matrix_test.go::TestP2CompletionPositive	oracle/parser/p2_completion_matrix_test.go::TestP2CompletionNegative	oracle/parser/p2_completion_matrix_test.go::TestP2CompletionLoc	local_structure_tests_only
SET-TRANSACTION.bnf	set	p2_done	set_parser_visible_surface	Parse	nodes.StmtNode	parser_visible_surface_structured; semantics remain out of scope			semantic_catalog_execution_out_of_scope_after_p2_ast	oracle/parser/p2_completion_matrix_test.go::TestP2CompletionPositive	oracle/parser/p2_completion_matrix_test.go::TestP2CompletionNegative	oracle/parser/p2_completion_matrix_test.go::TestP2CompletionLoc	local_structure_tests_only
TRUNCATE-CLUSTER.bnf	truncate	p2_done	truncate_parser_visible_surface	Parse	nodes.StmtNode	parser_visible_surface_structured; semantics remain out of scope			semantic_catalog_execution_out_of_scope_after_p2_ast	oracle/parser/p2_completion_matrix_test.go::TestP2CompletionPositive	oracle/parser/p2_completion_matrix_test.go::TestP2CompletionNegative	oracle/parser/p2_completion_matrix_test.go::TestP2CompletionLoc	local_structure_tests_only
TRUNCATE-TABLE.bnf	truncate	p2_done	truncate_parser_visible_surface	Parse	nodes.StmtNode	parser_visible_surface_structured; semantics remain out of scope			semantic_catalog_execution_out_of_scope_after_p2_ast	oracle/parser/p2_completion_matrix_test.go::TestP2CompletionPositive	oracle/parser/p2_completion_matrix_test.go::TestP2CompletionNegative	oracle/parser/p2_completion_matrix_test.go::TestP2CompletionLoc	local_structure_tests_only
UPDATE.bnf	update	p2_done	update_parser_visible_surface	Parse	nodes.StmtNode	parser_visible_surface_structured; semantics remain out of scope			semantic_catalog_execution_out_of_scope_after_p2_ast	oracle/parser/p2_completion_matrix_test.go::TestP2CompletionPositive	oracle/parser/p2_completion_matrix_test.go::TestP2CompletionNegative	oracle/parser/p2_completion_matrix_test.go::TestP2CompletionLoc	local_structure_tests_only
alter-domain.bnf	alter	p2_done	alter_parser_visible_surface	Parse	nodes.AlterDomainStmt	parser_visible_surface_structured; semantics remain out of scope			semantic_catalog_execution_out_of_scope_after_p2_ast	oracle/parser/modern_feature_p2_test.go::TestP2ModernFeaturePositive	oracle/parser/modern_feature_p2_test.go::TestP2ModernFeatureNegative	oracle/parser/modern_feature_p2_test.go::TestP2ModernFeatureLoc	local_structure_tests_only
alter-json-relational-duality-view.bnf	alter	p2_done	alter_parser_visible_surface	Parse	nodes.AlterJsonDualityViewStmt	parser_visible_surface_structured; semantics remain out of scope			semantic_catalog_execution_out_of_scope_after_p2_ast	oracle/parser/modern_feature_p2_test.go::TestP2ModernFeaturePositive	oracle/parser/modern_feature_p2_test.go::TestP2ModernFeatureNegative	oracle/parser/modern_feature_p2_test.go::TestP2ModernFeatureLoc	local_structure_tests_only
create-domain.bnf	create	p2_done	create_parser_visible_surface	Parse	nodes.CreateDomainStmt	parser_visible_surface_structured; semantics remain out of scope			semantic_catalog_execution_out_of_scope_after_p2_ast	oracle/parser/modern_feature_p2_test.go::TestP2ModernFeaturePositive	oracle/parser/modern_feature_p2_test.go::TestP2ModernFeatureNegative	oracle/parser/modern_feature_p2_test.go::TestP2ModernFeatureLoc	local_structure_tests_only
create-json-relational-duality-view.bnf	create	p2_done	create_parser_visible_surface	Parse	nodes.CreateJsonDualityViewStmt	parser_visible_surface_structured; semantics remain out of scope			semantic_catalog_execution_out_of_scope_after_p2_ast	oracle/parser/modern_feature_p2_test.go::TestP2ModernFeaturePositive	oracle/parser/modern_feature_p2_test.go::TestP2ModernFeatureNegative	oracle/parser/modern_feature_p2_test.go::TestP2ModernFeatureLoc	local_structure_tests_only
create-logical-partition-tracking.bnf	create	p2_done	create_parser_visible_surface	Parse	nodes.AdminDDLStmt	parser_visible_surface_structured; semantics remain out of scope			semantic_catalog_execution_out_of_scope_after_p2_ast	oracle/parser/modern_feature_p2_test.go::TestP2ModernFeaturePositive	oracle/parser/modern_feature_p2_test.go::TestP2ModernFeatureNegative	oracle/parser/modern_feature_p2_test.go::TestP2ModernFeatureLoc	local_structure_tests_only
create-mle-env.bnf	create	p2_done	create_parser_visible_surface	Parse	nodes.AdminDDLStmt	parser_visible_surface_structured; semantics remain out of scope			semantic_catalog_execution_out_of_scope_after_p2_ast	oracle/parser/modern_feature_p2_test.go::TestP2ModernFeaturePositive	oracle/parser/modern_feature_p2_test.go::TestP2ModernFeatureNegative	oracle/parser/modern_feature_p2_test.go::TestP2ModernFeatureLoc	local_structure_tests_only
create-mle-module.bnf	create	p2_done	create_parser_visible_surface	Parse	nodes.AdminDDLStmt	parser_visible_surface_structured; semantics remain out of scope			semantic_catalog_execution_out_of_scope_after_p2_ast	oracle/parser/modern_feature_p2_test.go::TestP2ModernFeaturePositive	oracle/parser/modern_feature_p2_test.go::TestP2ModernFeatureNegative	oracle/parser/modern_feature_p2_test.go::TestP2ModernFeatureLoc	local_structure_tests_only
create-pmem-filestore.bnf	create	p2_done	create_parser_visible_surface	Parse	nodes.AdminDDLStmt	parser_visible_surface_structured; semantics remain out of scope			semantic_catalog_execution_out_of_scope_after_p2_ast	oracle/parser/modern_feature_p2_test.go::TestP2ModernFeaturePositive	oracle/parser/modern_feature_p2_test.go::TestP2ModernFeatureNegative	oracle/parser/modern_feature_p2_test.go::TestP2ModernFeatureLoc	local_structure_tests_only
create-property-graph.bnf	create	p2_done	create_parser_visible_surface	Parse	nodes.CreatePropertyGraphStmt	parser_visible_surface_structured; semantics remain out of scope			semantic_catalog_execution_out_of_scope_after_p2_ast	oracle/parser/modern_feature_p2_test.go::TestP2ModernFeaturePositive	oracle/parser/modern_feature_p2_test.go::TestP2ModernFeatureNegative	oracle/parser/modern_feature_p2_test.go::TestP2ModernFeatureLoc	local_structure_tests_only
create-vector-index.bnf	create	p2_done	create_parser_visible_surface	Parse	nodes.CreateVectorIndexStmt	parser_visible_surface_structured; semantics remain out of scope			semantic_catalog_execution_out_of_scope_after_p2_ast	oracle/parser/modern_feature_p2_test.go::TestP2ModernFeaturePositive	oracle/parser/modern_feature_p2_test.go::TestP2ModernFeatureNegative	oracle/parser/modern_feature_p2_test.go::TestP2ModernFeatureLoc	local_structure_tests_only
